branch,hospital-types,number-of-patients,number-of-hospitalizations,ratio-of-rehospitalizations,percentage,percentage-of-sections,duration-of-hospitalization-mediana,duration-of-hospitalization-mode,average-value-of-hospitalization,average-value-of-hospitalization-points,average-value-of-drg,average-value-of-drg-points,name,catalog,year,period
,,5372,5517,1.03,0.08,1.09,9,7,12133.29,259.33,7832.92,154.75,A01 ZABIEGI WEWNĄTRZCZASZKOWE Z POWODU POWAŻNEGO URAZU *,1a,2009,2009
,,575,589,1.02,0.01,0.12,9,8,9547.25,206.94,7263.9,143.36,A02 ZABIEGI WEWNĄTRZCZASZKOWE Z POWODU URAZU *,1a,2009,2009
,,138,198,1.43,0.0,0.04,5,4,47940.0,940.0,47940.0,940.0,A03 WSZCZEPIENIE STYMULATORA STRUKTUR GŁĘBOKICH MÓZGU/STYMULATORA NERWU BŁĘDNEGO *,1a,2009,2009
,,93,95,1.02,0.0,0.02,7,8,31124.14,625.0,31124.14,625.0,A04 WSZCZEPIENIE/WYMIANA STYMULATORA RDZENIA KRĘGOWEGO LUB WYMIANA GENERATORA DO STYMULACJI STRUKTUR GŁĘBOKICH MÓZGU *,1a,2009,2009
,,5517,5679,1.03,0.08,1.12,11,8,17211.36,368.95,15480.07,304.53,A11 KOMPLEKSOWE ZABIEGI WEWNĄTRZCZASZKOWE *,1a,2009,2009
,,6492,6817,1.05,0.09,1.34,12,8,12374.5,270.79,10309.0,203.37,A12 DUŻE ZABIEGI WEWNĄTRZCZASZKOWE *,1a,2009,2009
,,1432,1486,1.04,0.02,0.29,8,8,7018.79,166.36,6036.26,119.06,A13 ŚREDNIE ZABIEGI WEWNĄTRZCZASZKOWE *,1a,2009,2009
,,485,493,1.02,0.01,0.1,2,2,1671.01,33.23,1555.71,30.97,A14 MAŁE ZABIEGI WEWNĄTRZCZASZKOWE *,1a,2009,2009
,,10328,10567,1.02,0.14,2.08,8,8,11364.73,247.6,11188.03,224.24,A22 DUŻE ZABIEGI NA RDZENIU KRĘGOWYM I W KANALE KRĘGOWYM *,1a,2009,2009
,,4748,4821,1.02,0.07,0.95,7,4,6488.88,137.17,6477.88,127.74,A23 ŚREDNIE ZABIEGI NA RDZENIU KRĘGOWYM I W KANALE KRĘGOWYM *,1a,2009,2009
,,4265,4498,1.05,0.06,0.89,2,0,4665.94,92.64,4664.22,92.61,A25 ZABIEGI NA NERWACH OBWODOWYCH *,1a,2009,2009
,,801,1137,1.42,0.02,0.22,0,0,724.39,14.36,645.22,12.81,A26 ZABIEGI ZWALCZAJĄCE BÓL I NA UKŁADZIE WSPÓŁCZULNYM *,1a,2009,2009
,,1671,1709,1.02,0.02,0.34,10,8,8594.21,182.67,5566.45,109.77,A30 KOMPLEKSOWA DIAGNOSTYKA POLINEUROPATII I CHORÓB MIĘŚNI,1a,2009,2009
,,15811,16612,1.05,0.23,3.28,6,2,2197.06,48.87,1478.89,29.3,A31 CHOROBY NERWÓW OBWODOWYCH,1a,2009,2009
,,1690,2028,1.2,0.03,0.4,7,2,5787.87,115.92,3064.56,60.45,A32 CHOROBY MIĘŚNI,1a,2009,2009
,,16127,16502,1.02,0.23,3.26,4,3,1663.62,33.27,1659.05,32.97,A33 ZABURZENIA RÓWNOWAGI,1a,2009,2009
,,14003,16818,1.2,0.23,3.32,7,2,4262.74,88.0,4147.94,81.7,A34 GUZY MÓZGU,1a,2009,2009
,,17887,19232,1.08,0.26,3.79,7,7,3323.3,66.78,3122.3,61.67,A35 CHOROBY ZWYRODNIENIOWE OUN,1a,2009,2009
,,10584,14788,1.4,0.2,2.92,5,4,3527.67,77.37,3399.8,67.1,A36 CHOROBY DEMIELINIZACYJNE,1a,2009,2009
,,21892,23176,1.06,0.32,4.57,6,3,3193.28,71.28,2952.96,58.43,A45 CHOROBY NACZYŃ MÓZGOWYCH - LECZENIE ZACHOWAWCZE,1a,2009,2009
,,19713,20346,1.03,0.28,4.01,6,4,1871.89,38.07,1853.41,36.66,A46 PRZEMIJAJĄCE NIEDOKRWIENIE MÓZGU,1a,2009,2009
,,27842,28190,1.01,0.39,5.56,6,6,3784.56,76.26,3773.55,74.25,A47 PRZEMIJAJĄCE NIEDOKRWIENIE MÓZGU - ROZSZERZONA DIAGNOSTYKA,1a,2009,2009
,,37133,38151,1.03,0.52,7.55,11,8,8626.54,231.5,8410.51,165.3,A48 KOMPLEKSOWE LECZENIE UDARÓW MÓZGU > 7 DNI W ODDZIALE UDAROWYM,1a,2009,2009
,,41840,42892,1.03,0.59,8.47,9,7,4251.95,116.27,4006.48,79.2,A49 UDAR MÓZGU - LECZENIE > 3 DNI,1a,2009,2009
,,12933,13234,1.02,0.18,2.61,2,1,2504.86,55.17,1881.45,37.37,A50 UDAR MÓZGU - LECZENIE,1a,2009,2009
,,685,686,1.0,0.01,0.14,11,8,12935.19,334.02,12383.18,243.76,A51 UDAR MÓZGU - LECZENIE TROMBOLITYCZNE > 7 DNI W ODDZIALE UDAROWYM,1a,2009,2009
,,3565,3652,1.02,0.05,0.72,7,2,1627.51,35.58,1616.97,31.95,A56 CHOROBY NERWÓW CZASZKOWYCH,1a,2009,2009
,,4375,5208,1.19,0.07,1.03,12,2,4398.16,94.22,3716.2,74.09,A57 CHOROBY ZAPALNE UKŁADU NERWOWEGO,1a,2009,2009
,,2125,2191,1.03,0.03,0.43,5,2,3265.68,84.47,2231.64,44.01,A58 ENCEFALOPATIA,1a,2009,2009
,,29996,30667,1.02,0.42,6.05,3,2,1466.64,29.93,1459.93,28.95,A59 BÓLE GŁOWY,1a,2009,2009
,,15438,16897,1.09,0.23,3.33,3,2,888.22,19.23,808.36,15.99,A66 PADACZKA - DIAGNOSTYKA I LECZENIE,1a,2009,2009
,,10471,10729,1.02,0.15,2.12,6,4,4095.05,80.86,4010.46,78.81,A67 PADACZKA - DIAGNOSTYKA I LECZENIE > 3 DNI,1a,2009,2009
,,46745,47975,1.03,0.66,9.46,3,2,1794.07,37.62,1448.06,28.69,A76 URAZY GŁOWY Z ISTOTNYM USZKODZENIEM MÓZGU LECZONE ZACHOWAWCZO,1a,2009,2009
,,36018,36446,1.01,0.5,7.19,2,1,830.33,16.8,813.37,16.21,A77 URAZY GŁOWY BEZ ISTOTNEGO USZKODZENIA MÓZGU LECZONE ZACHOWAWCZO,1a,2009,2009
,,870,1006,1.16,0.01,0.2,8,8,4774.95,104.07,4206.44,82.83,A86 CHOROBY NEURONU RUCHOWEGO,1a,2009,2009
,,53233,55875,1.05,0.76,11.02,6,2,1710.43,41.86,1573.12,31.14,A87 INNE CHOROBY UKŁADU NERWOWEGO,1a,2009,2009
,,817,1043,1.28,0.01,0.35,0,0,7006.48,138.0,7006.48,138.0,B01 LECZENIE WYSIĘKOWEJ POSTACI AMD WERTEPORFINĄ PRZY ZASTOSOWANIU TERAPII FOTODYNAMICZNEJ,1a,2009,2009
,,84,85,1.01,0.0,0.03,7,7,8772.0,172.0,8772.0,172.0,B04 PRZESZCZEP ROGÓWKI - KATEGORIA I *,1a,2009,2009
,,496,508,1.02,0.01,0.17,6,5,6884.25,136.05,6881.84,136.0,B05 PRZESZCZEP ROGÓWKI - KATEGORIA II *,1a,2009,2009
,,28,32,1.14,0.0,0.01,5,5,5610.0,110.0,5610.0,110.0,B06 PRZESZCZEP ROGÓWKI - KATEGORIA III *,1a,2009,2009
,,1523,1635,1.07,0.02,0.55,3,2,5403.98,107.77,5403.98,107.77,B11 KOMPLEKSOWE ZABIEGI W ZAĆMIE I JASKRZE *,1a,2009,2009
,,48816,52955,1.08,0.72,17.73,2,2,3525.4,69.44,3524.24,69.41,B12 USUNIĘCIE ZAĆMY POWIKŁANEJ METODĄ EMULSYFIKACJI Z JEDNOCZESNYM WSZCZEPIENIEM SOCZEWKI,1a,2009,2009
,,97603,107256,1.1,1.47,35.92,2,2,2990.81,59.2,2990.1,59.19,B13 USUNIĘCIE ZAĆMY NIEPOWIKŁANEJ METODĄ EMULSYFIKACJI Z JEDNOCZESNYM WSZCZEPIENIEM SOCZEWKI,1a,2009,2009
,,3061,3124,1.02,0.04,1.05,4,3,3193.76,62.87,3192.11,62.83,B14 USUNIĘCIE ZAĆMY POWIKŁANEJ METODAMI INNYMI NIŻ EMULSYFIKACJA Z JEDNOCZESNYM WSZCZEPIENIEM SOCZEWKI,1a,2009,2009
,,4469,4570,1.02,0.06,1.53,3,3,2425.87,47.91,2424.46,47.88,B15 USUNIĘCIE ZAĆMY NIEPOWIKŁANEJ METODAMI INNYMI NIŻ EMULSYFIKACJA Z JEDNOCZESNYM WSZCZEPIENIEM SOCZEWKI,1a,2009,2009
,,4200,4761,1.13,0.07,1.59,5,4,8249.5,162.13,8247.33,162.09,"B16 ZABIEGI Z WYKONANIEM WITREKTOMII Z UŻYCIEM OLEJU SILIKONOWEGO LUB DEKALINY, W TYM WIELOPROCEDURALNE *",1a,2009,2009
,,5162,5448,1.06,0.07,1.82,4,2,7016.84,138.69,7015.41,138.66,"B17 ZABIEGI Z WYKONANIEM WITREKTOMII, W TYM WIELOPROCEDURALNE *",1a,2009,2009
,,2133,2376,1.11,0.03,0.8,3,2,2291.6,45.39,2290.19,45.36,B23 ŚREDNIE ZABIEGI NA SOCZEWCE *,1a,2009,2009
,,5554,6046,1.09,0.08,2.02,0,0,589.55,11.69,589.43,11.69,B24 MAŁE ZABIEGI NA SOCZEWCE,1a,2009,2009
,,1222,1390,1.14,0.02,0.47,1,0,1953.84,38.79,1951.02,38.74,B32 DUŻE ZABIEGI NA APARACIE OCHRONNYM OKA *,1a,2009,2009
,,5437,6189,1.14,0.08,2.07,0,0,730.64,14.72,729.99,14.71,B33 ŚREDNIE ZABIEGI NA APARACIE OCHRONNYM OKA *,1a,2009,2009
,,11530,12537,1.09,0.17,4.2,0,0,248.42,4.99,242.96,4.88,B34 MAŁE ZABIEGI NA APARACIE OCHRONNYM OKA,1a,2009,2009
,,561,571,1.02,0.01,0.19,4,3,7983.19,157.94,7980.51,157.88,B42 DUŻE ZABIEGI NA OCZODOLE I APARACIE ŁZOWYM *,1a,2009,2009
,,1803,1941,1.08,0.03,0.65,2,0,2326.7,45.92,2201.83,43.47,B43 ŚREDNIE ZABIEGI NA OCZODOLE I APARACIE ŁZOWYM *,1a,2009,2009
,,4558,4881,1.07,0.07,1.63,0,0,617.31,12.38,582.47,11.7,B44 MAŁE ZABIEGI NA OCZODOLE I APARACIE ŁZOWYM,1a,2009,2009
,,1972,2110,1.07,0.03,0.71,4,2,1535.13,30.48,1534.21,30.46,B52 DUŻE ZABIEGI NA ROGÓWCE I TWARDÓWCE *,1a,2009,2009
,,2802,2994,1.07,0.04,1.0,0,0,1084.99,21.71,1084.82,21.71,B53 ŚREDNIE ZABIEGI NA ROGÓWCE I TWARDÓWCE *,1a,2009,2009
,,5059,5210,1.03,0.07,1.74,2,2,2244.18,44.38,2241.07,44.32,B63 ZABIEGI W ZAKRESIE MIĘŚNI OKORUCHOWYCH *,1a,2009,2009
,,2668,2936,1.1,0.04,0.98,5,3,4181.42,82.75,4178.01,82.67,B72 DUŻE ZABIEGI W JASKRZE I NA NACZYNIÓWCE *,1a,2009,2009
,,1216,1424,1.17,0.02,0.48,2,0,2678.78,52.77,2678.56,52.77,B73 ŚREDNIE ZABIEGI W JASKRZE I NA NACZYNIÓWCE *,1a,2009,2009
,,1499,1952,1.3,0.03,0.65,0,0,238.71,4.71,238.06,4.7,B74 MAŁE ZABIEGI W JASKRZE I NA NACZYNIÓWCE *,1a,2009,2009
,,1591,1632,1.03,0.02,0.55,5,2,5009.1,98.86,5000.2,98.69,B81 DUŻE ZABIEGI NA SIATKÓWCE *,1a,2009,2009
,,123,124,1.01,0.0,0.04,4,2,2350.83,48.02,2350.0,48.0,B82 DUŻE ZABIEGI NA CIELE SZKLISTYM,1a,2009,2009
,,2903,5847,2.01,0.08,1.96,0,0,1471.47,28.98,1471.21,28.97,B83 ŚREDNIE ZABIEGI WITREORETINALNE *,1a,2009,2009
,,7683,13772,1.79,0.19,4.61,0,0,775.15,15.44,772.27,15.39,B84 MAŁE ZABIEGI WITREORETINALNE *,1a,2009,2009
,,27813,31351,1.13,0.43,10.5,4,4,2189.84,43.43,2165.98,42.94,B96 LECZENIE ZACHOWAWCZE OKULISTYCZNE Z CZASEM POBYTU > 1 DNIA,1a,2009,2009
,,11004,11926,1.08,0.16,3.99,0,0,555.0,11.06,546.61,10.89,B97 LECZENIE ZACHOWAWCZE OKULISTYCZNE Z CZASEM POBYTU < 2 DNI,1a,2009,2009
,,893,898,1.01,0.01,0.33,20,15,25656.29,513.5,24816.89,496.86,"C01 ROZLEGŁE OPERACJE NOWOTWORÓW JAMY USTNEJ, GARDŁA I KRTANI Z REKONSTRUKCJĄ *",1a,2009,2009
,,533,533,1.0,0.01,0.19,4,4,102030.29,2002.91,102030.29,2002.91,C05 LECZENIE ZABURZEŃ SŁUCHU ZA POMOCĄ IMPLANTÓW ŚLIMAKOWYCH I PNIOWYCH *,1a,2009,2009
,,182,182,1.0,0.0,0.07,3,2,33137.11,649.75,33137.11,649.75,C06 LECZENIE ZABURZEŃ SŁUCHU ZA POMOCĄ INNYCH WSZCZEPIALNYCH ELEKTRONICZNYCH PROTEZ SŁUCHU *,1a,2009,2009
,,95,95,1.0,0.0,0.03,0,0,35088.0,688.0,35088.0,688.0,C07 WYMIANA PROCESORA MOWY,1a,2009,2009
,,3961,4078,1.03,0.06,1.48,7,4,11382.11,227.07,11176.67,222.98,"C11 KOMPLEKSOWE ZABIEGI JAMY USTNEJ, GARDŁA I KRTANI *",1a,2009,2009
,,7289,7671,1.05,0.1,2.79,4,2,2781.22,55.4,2384.27,47.6,"C12 DUŻE ZABIEGI JAMY USTNEJ, GARDŁA I KRTANI *",1a,2009,2009
,,48439,48774,1.01,0.67,17.71,2,2,1286.02,25.62,1280.9,25.52,"C13 ŚREDNIE ZABIEGI JAMY USTNEJ, GARDŁA I KRTANI < 18 R.Ż.",1a,2009,2009
,,28438,29813,1.05,0.41,10.83,3,2,948.68,18.97,942.77,18.87,"C14 ŚREDNIE ZABIEGI JAMY USTNEJ, GARDŁA I KRTANI > 17 R.Ż.",1a,2009,2009
,,3818,3923,1.03,0.05,1.42,0,0,303.92,6.08,297.98,5.96,"C15 MAŁE ZABIEGI JAMY USTNEJ, GARDŁA I KRTANI *",1a,2009,2009
,,742,754,1.02,0.01,0.27,9,7,17548.2,349.85,17153.76,342.09,C21 KOMPLEKSOWE ZABIEGI SZCZĘKOWO-TWARZOWE *,1a,2009,2009
,,7087,7285,1.03,0.1,2.65,5,4,8093.09,161.71,8002.16,159.51,C22 DUŻE ZABIEGI SZCZĘKOWO-TWARZOWE *,1a,2009,2009
,,1327,1337,1.01,0.02,0.49,2,2,3066.45,60.9,3058.84,60.75,C23 ŚREDNIE ZABIEGI SZCZĘKOWO-TWARZOWE *,1a,2009,2009
,,5155,5775,1.12,0.08,2.1,0,0,642.54,12.73,639.88,12.68,C24 MAŁE ZABIEGI SZCZĘKOWO-TWARZOWE *,1a,2009,2009
,,7671,7948,1.04,0.11,2.89,2,1,8235.71,162.19,8233.43,162.15,C31 KOMPLEKSOWE ZABIEGI USZU *,1a,2009,2009
,,2413,2477,1.03,0.03,0.9,4,2,3463.51,68.54,3457.27,68.41,C32 DUŻE ZABIEGI USZU *,1a,2009,2009
,,1107,1124,1.02,0.02,0.41,2,0,999.12,19.92,997.96,19.89,C33 ŚREDNIE ZABIEGI USZU *,1a,2009,2009
,,3048,3183,1.04,0.04,1.16,0,0,658.88,13.14,633.38,12.64,C34 MAŁE ZABIEGI USZU *,1a,2009,2009
,,30370,30653,1.01,0.42,11.13,3,3,4729.1,93.58,4725.75,93.51,C41 KOMPLEKSOWE ZABIEGI NOSA *,1a,2009,2009
,,9323,9459,1.01,0.13,3.43,3,1,2662.3,52.88,2658.17,52.8,C42 DUŻE ZABIEGI NOSA *,1a,2009,2009
,,12832,13265,1.03,0.18,4.82,2,0,1540.07,30.73,1526.36,30.47,C43 ŚREDNIE ZABIEGI NOSA *,1a,2009,2009
,,5057,5137,1.02,0.07,1.87,0,0,452.9,9.03,449.58,8.94,C44 MAŁE ZABIEGI NOSA *,1a,2009,2009
,,117,121,1.03,0.0,0.04,4,3,2838.54,57.24,2823.68,56.95,C45 DUŻE ZABIEGI ENDOSKOPOWE < 18 R.Ż.,1a,2009,2009
,,6925,7023,1.01,0.1,2.55,1,1,1729.62,34.19,1718.8,33.98,C46 ŚREDNIE ZABIEGI ENDOSKOPOWE < 18 R.Ż.,1a,2009,2009
,,248,248,1.0,0.0,0.09,6,4,3193.0,63.06,3189.91,63.0,C48 OSTRE ZAPALENIE ZATOK PRZYNOSOWYCH < 18 R.Ż Z PW,1a,2009,2009
,,13695,15629,1.14,0.21,5.68,4,2,2128.7,42.23,2100.45,41.57,"C56 POWAŻNE CHOROBY GARDŁA, USZU I NOSA",1a,2009,2009
,,64778,67990,1.05,0.93,24.69,4,2,1059.58,21.11,1050.56,20.93,"C57 INNE CHOROBY GARDŁA, USZU I NOSA",1a,2009,2009
,,2648,2654,1.0,0.04,0.59,13,9,23224.22,457.73,21915.8,432.07,D01 ZŁOŻONE ZABIEGI KLATKI PIERSIOWEJ *,1a,2009,2009
,,5454,5625,1.03,0.08,1.26,10,7,15879.64,316.13,14996.96,297.93,D02 KOMPLEKSOWE ZABIEGI KLATKI PIERSIOWEJ *,1a,2009,2009
,,9703,10372,1.07,0.14,2.32,6,2,7451.48,147.45,7025.68,138.81,D03 DUŻE ZABIEGI KLATKI PIERSIOWEJ *,1a,2009,2009
,,2182,2323,1.06,0.03,1.2,2,2,1413.84,28.68,1374.76,27.23,D04 ŚREDNIE I MAŁE ZABIEGI KLATKI PIERSIOWEJ,1a,2009,2009
,,4999,5235,1.05,0.07,1.17,0,0,704.81,13.99,703.51,13.96,D05 BRONCHOSKOPIA *,1a,2009,2009
,,27819,32873,1.18,0.45,7.35,6,7,2411.95,47.83,2375.07,47.03,D10 DYCHAWICA OSKRZELOWA,1a,2009,2009
,,11074,11947,1.08,0.16,2.67,10,7,4335.3,87.85,4051.5,79.83,D16 ZATOR PŁUCNY,1a,2009,2009
,,2936,3635,1.24,0.05,0.81,14,7,4930.88,107.8,4495.53,89.07,"D17 ROPIEŃ PŁUC, ROPOWICA",1a,2009,2009
,,33114,34640,1.05,0.47,7.74,9,8,3883.77,78.18,3618.51,71.91,"D18 ZAPALENIE PŁUC NIETYPOWE, WIRUSOWE",1a,2009,2009
,,3612,4302,1.19,0.06,0.96,8,7,3689.4,73.21,3493.22,68.96,D19 ROZSTRZENIE OSKRZELI,1a,2009,2009
,,1988,2214,1.11,0.03,0.49,6,3,1665.79,32.95,1642.25,32.42,D20 GRUŹLICA,1a,2009,2009
,,1123,2122,1.89,0.03,0.47,9,0,7947.14,162.71,7813.39,156.98,D21 ZWŁÓKNIENIE TORBIELOWATE,1a,2009,2009
,,6234,7269,1.17,0.1,1.62,9,7,2704.48,53.49,2639.23,52.14,D26 WYSIĘKOWE ZAPALENIE OPŁUCNEJ,1a,2009,2009
,,44136,61726,1.4,0.84,13.79,7,3,3799.53,78.06,3716.59,73.55,D28 CHOROBY NOWOTWOROWE UKŁADU ODDECHOWEGO I KLATKI PIERSIOWEJ,1a,2009,2009
,,11599,13583,1.17,0.19,3.04,1,1,1250.61,24.81,1250.59,24.8,D36 ZABURZENIA ODDYCHANIA W CZASIE SNU,1a,2009,2009
,,31359,32981,1.05,0.45,7.37,4,2,1757.95,35.34,1719.11,34.22,D37 INNE CHOROBY UKŁADU ODDECHOWEGO,1a,2009,2009
,,7681,8125,1.06,0.11,1.82,6,6,2785.38,55.67,2354.03,46.68,D38 OBRZĘK PŁUC,1a,2009,2009
,,94112,108018,1.15,1.48,24.14,7,7,1924.32,38.59,1814.51,36.05,D46 POCHP I INNE OBTURACYJNE CHOROBY UKŁADU ODDECHOWEGO,1a,2009,2009
,,17919,18349,1.02,0.25,4.1,9,8,2184.58,45.22,1919.2,38.02,D47 ZAPALENIE PŁUC Z PW,1a,2009,2009
,,35041,35935,1.03,0.49,8.03,8,7,1473.06,30.3,1303.56,25.89,D48 ZAPALENIE PŁUC BEZ PW,1a,2009,2009
,,1298,1331,1.03,0.02,0.3,8,7,5658.09,114.75,4665.89,92.21,D49 USZKODZENIA INHALACYJNE PŁUC,1a,2009,2009
,,5755,7601,1.32,0.1,1.7,7,2,4533.41,89.87,4303.91,85.1,D50 ZWŁÓKNIENIE I PYLICA PŁUC,1a,2009,2009
,,1779,1960,1.1,0.03,0.44,7,6,2521.88,49.79,2235.08,44.16,D51 ODMA OPŁUCNOWA,1a,2009,2009
,,21268,25140,1.18,0.34,5.62,8,7,3633.01,71.75,2418.7,47.84,D52 NIEWYDOLNOŚĆ ODDECHOWA,1a,2009,2009
,,690,896,1.3,0.01,0.2,7,7,5290.44,148.44,4601.44,90.56,D53 NADCIŚNIENIE PŁUCNE > 17 R.Ż.,1a,2009,2009
,,547,552,1.01,0.01,0.12,8,7,1921.73,37.94,1874.46,36.98,D54 ZAPALENIE OPŁUCNEJ,1a,2009,2009
,,4188,6030,1.44,0.08,1.35,5,3,4754.46,94.0,4696.59,92.86,"D55 ZIARNINIAKI, CHOROBY PŁUC ALERGICZNE I Z AUTOIMMUNIZACJI",1a,2009,2009
,,35,42,1.2,0.0,0.01,5,2,3626.51,71.12,3365.33,66.0,D56 CIĘŻKIE WADY ROZWOJOWE < 18 R.Ż,1a,2009,2009
,,516,525,1.02,0.01,0.06,8,8,21492.43,422.36,19084.71,375.03,E02 INNE ZABIEGI KARDIOCHIRURGICZNE > 17 R.Ż. *,1a,2009,2009
,,219,222,1.01,0.0,0.02,5,0,15909.18,312.54,13759.7,270.4,E03 INNE ZABIEGI KARDIOCHIRURGICZNE < 18 R.Ż.,1a,2009,2009
,,73,73,1.0,0.0,0.01,21,14,35408.4,694.52,29656.15,581.49,E04 POMOSTOWANIE NACZYŃ WIEŃCOWYCH Z PLASTYKĄ *,1a,2009,2009
,,8545,8553,1.0,0.12,0.92,10,8,22677.51,445.24,20937.96,410.82,E05 POMOSTOWANIE NACZYŃ WIEŃCOWYCH > 69 R.Ż. LUB Z PW *,1a,2009,2009
,,4695,4697,1.0,0.06,0.5,9,8,20493.56,402.38,19656.62,385.83,E06 POMOSTOWANIE NACZYŃ WIEŃCOWYCH < 70 R.Ż. BEZ PW *,1a,2009,2009
,,455,455,1.0,0.01,0.05,7,4,16834.08,330.38,15174.01,297.53,E11 OZW - LECZENIE INWAZYJNE DWUETAPOWE > 3 DNI *,1a,2009,2009
,,17069,17445,1.02,0.24,1.87,4,4,14845.75,292.78,13642.35,267.57,E12 OZW - LECZENIE INWAZYJNE ZŁOŻONE *,1a,2009,2009
,,38613,39526,1.02,0.54,4.25,6,4,12749.85,253.86,12166.32,238.58,E13 OZW - LECZENIE INWAZYJNE > 3 DNI *,1a,2009,2009
,,16533,16828,1.02,0.23,1.82,2,2,10217.4,200.43,10046.57,197.0,E14 OZW - LECZENIE INWAZYJNE < 4 DNI *,1a,2009,2009
,,26346,27733,1.05,0.38,2.97,6,6,2745.46,54.57,2644.97,52.15,E16 OZW > 69 R.Ż. LUB Z PW,1a,2009,2009
,,14507,14968,1.03,0.2,1.6,5,4,1761.38,35.29,1666.24,32.91,E17 OZW < 70 R.Ż.,1a,2009,2009
,,14659,15116,1.03,0.21,1.62,6,7,1678.37,34.36,1526.25,30.22,E18 OZW BEZ UNIESIENIA ST,1a,2009,2009
,,301,301,1.0,0.0,0.03,6,0,6572.62,130.76,6355.69,125.53,E19 OZW - LECZENIE Z ZASTOSOWANIEM LEKU TROMBOLITYCZNEGO DRUGIEJ/ TRZECIEJ GENERACJI,1a,2009,2009
,,616,619,1.0,0.01,0.07,4,3,27869.46,551.37,27848.98,550.96,E21 PRZEZSKÓRNE ZAMKNIĘCIE NIEPRAWIDŁOWYCH POŁĄCZEŃ WEWNĄTRZSERCOWYCH I ZEWNĄTRZSERCOWYCH > 17 R.Ż. *,1a,2009,2009
,,133,135,1.02,0.0,0.01,6,5,24787.38,488.96,24551.6,484.33,E22 PRZEZSKÓRNE WALWULOPLASTYKI > 17 R.Ż.*,1a,2009,2009
,,16155,17777,1.1,0.24,1.91,3,2,16166.7,322.29,16133.17,320.95,E23 ANGIOPLASTYKA WIEŃCOWA Z IMPLANTACJĄ JEDNEGO STENTU DES,1a,2009,2009
,,4639,4733,1.02,0.06,0.51,3,2,10711.61,212.89,10666.77,211.98,E24 ANGIOPLASTYKA Z IMPLANTACJĄ NIE MNIEJ NIŻ DWÓCH STENTÓW LUB WIELONACZYNIOWA *,1a,2009,2009
,,12853,13508,1.05,0.18,1.45,2,1,7776.65,154.43,7760.83,153.98,E25 ANGIOPLASTYKA Z ZASTOSOWANIEM JEDNEGO STENTU I INNE ZABIEGI *,1a,2009,2009
,,2720,2809,1.03,0.04,0.3,2,2,4872.26,96.24,4859.35,95.99,E26 ANGIOPLASTYKA WIEŃCOWA BALONOWA *,1a,2009,2009
,,43041,43479,1.01,0.59,4.66,1,1,1576.41,32.0,1575.63,31.97,E27 KORONAROGRAFIA I INNE ZABIEGI INWAZYJNE *,1a,2009,2009
,,436,447,1.03,0.01,0.05,4,4,5229.75,103.62,4535.56,89.91,E28 ZABIEGI DIAGNOSTYCZNE SERCA < 18 R.Ż.*,1a,2009,2009
,,10055,10078,1.0,0.14,1.08,3,2,6100.55,123.8,6032.57,119.91,E31 WSZCZEPIENIE/ WYMIANA ROZRUSZNIKA JEDNOJAMOWEGO *,1a,2009,2009
,,16080,16132,1.0,0.22,1.73,4,3,7528.66,151.04,7468.53,148.91,E32 WSZCZEPIENIE/ WYMIANA ROZRUSZNIKA DWUJAMOWEGO *,1a,2009,2009
,,424,424,1.0,0.01,0.05,7,5,16590.38,328.8,16555.13,324.89,E33 WSZCZEPIENIE/ WYMIANA UKŁADU Z FUNKCJĄ RESYNCHRONIZUJĄCĄ SERCA (CRT) *,1a,2009,2009
,,4807,4831,1.0,0.07,0.52,5,3,35139.93,709.9,35030.4,698.73,E34 WSZCZEPIENIE/ WYMIANA KARDIOWERTERA-DEFIBRYLATORA JEDNO-/ DWUJAMOWEGO *,1a,2009,2009
,,315,318,1.01,0.0,0.03,6,3,41292.68,835.87,41188.69,821.74,E35 WSZCZEPIENIE/ WYMIANA KARDIOWERTERA-DEFIBRYLATORA DWUKOMOROWEGO *,1a,2009,2009
,,1547,1556,1.01,0.02,0.17,6,5,53050.28,1058.43,52985.71,1051.32,E36 WSZCZEPIENIE/ WYMIANA CRT-D > 17 R.Ż. *,1a,2009,2009
,,1125,1176,1.05,0.02,0.13,5,4,2960.84,59.13,2953.77,58.99,E37 REPERACJA/ REPOZYCJA/ REWIZJA/ WYMIANA ELEKTRODY/ UKŁADU STYMULUJĄCEGO/ KARDIOWERTERA-DEFIBRYLATORA *,1a,2009,2009
,,145,145,1.0,0.0,0.02,11,8,12644.56,249.17,12585.09,248.0,E38 USUNIĘCIE PRZEZŻYLNE ELEKTROD W PRZYPADKU POWIKŁAŃ,1a,2009,2009
,,384,407,1.06,0.01,0.04,4,4,27464.3,543.65,27318.58,540.79,E39 LECZENIE ZABIEGOWE ZABURZEŃ RYTMU < 18 R.Ż.,1a,2009,2009
,,1899,1992,1.05,0.03,0.21,3,2,25326.73,497.45,25326.27,497.44,E41 ABLACJA ZABURZEŃ RYTMU Z WYKORZYSTANIEM SYSTEMU ELEKTROANATOMICZNEGO 3D *,1a,2009,2009
,,224,227,1.01,0.0,0.02,3,1,16994.68,335.0,16994.68,335.0,E42 ABLACJA ZABURZEŃ RYTMU Z WYKORZYSTANIEM SYSTEMU ELEKTROANATOMICZNEGO,1a,2009,2009
,,4401,4547,1.03,0.06,0.49,2,2,14885.84,297.68,14883.12,297.62,E43 ABLACJA ZABURZEŃ RYTMU *,1a,2009,2009
,,955,1121,1.17,0.02,0.12,19,8,9027.17,182.05,8618.1,169.82,E51 ZAPALENIE WSIERDZIA,1a,2009,2009
,,9771,10882,1.11,0.15,1.17,8,7,4912.3,98.77,4382.37,87.0,E52 ZAAWANSOWANA NIEWYDOLNOŚĆ KRĄŻENIA,1a,2009,2009
,,135252,157836,1.17,2.16,16.92,7,7,2548.8,51.3,2400.38,47.46,E53 NIEWYDOLNOŚĆ KRĄŻENIA > 69 R.Ż. LUB Z PW,1a,2009,2009
,,19891,22219,1.12,0.3,2.38,6,6,1852.9,38.44,1588.11,31.49,E54 NIEWYDOLNOŚĆ KRĄŻENIA < 70 R.Ż. BEZ PW,1a,2009,2009
,,6910,7159,1.04,0.1,0.77,7,7,2065.89,42.6,2034.4,40.33,E55 ZAKRZEPICA ŻYŁ GŁĘBOKICH,1a,2009,2009
,,60210,65141,1.08,0.89,6.98,5,3,2055.17,41.32,2020.94,39.99,E56 CHOROBA NIEDOKRWIENNA SERCA > 69 R.Ż. LUB Z PW,1a,2009,2009
,,49485,52797,1.07,0.72,5.66,4,3,1579.72,31.68,1561.76,30.99,E57 CHOROBA NIEDOKRWIENNA SERCA > 17 R.Ż. < 70 R.Ż. BEZ PW,1a,2009,2009
,,4379,4396,1.0,0.06,0.47,1,0,4151.92,81.99,2321.49,46.0,E59 NAGŁE ZATRZYMANIE KRĄŻENIA,1a,2009,2009
,,48472,58117,1.2,0.79,6.23,4,2,1602.91,32.48,1583.2,31.47,E61 ZABURZENIA RYTMU SERCA > 69 R.Ż. LUB Z PW,1a,2009,2009
,,38790,46407,1.2,0.63,4.97,3,2,790.01,15.79,780.18,15.49,E62 ZABURZENIA RYTMU SERCA > 17 R.Ż. < 70 R.Ż. BEZ PW,1a,2009,2009
,,461,571,1.24,0.01,0.06,4,0,9904.36,194.57,9779.84,192.13,E63 ZABURZENIA RYTMU SERCA < 1 R.Ż. LUB < 18 R.Ż. Z PW,1a,2009,2009
,,2038,2309,1.13,0.03,0.25,3,2,2091.36,41.21,2090.44,41.19,E64 ZABURZENIA RYTMU SERCA > 0 R.Ż. I < 18 R.Ż.,1a,2009,2009
,,26470,27194,1.03,0.37,2.91,3,2,1223.48,25.76,1214.26,24.22,E71 OMDLENIE I ZAPAŚĆ,1a,2009,2009
,,10843,10980,1.01,0.15,1.18,2,2,462.7,9.25,461.8,9.23,E72 NIEINWAZYJNA DIAGNOSTYKA BÓLU W KLATCE PIERSIOWEJ > 17 R.Ż.,1a,2009,2009
,,35249,39781,1.13,0.54,4.26,6,7,2935.13,58.7,2888.66,56.99,E73 CHOROBY ZASTAWEK SERCA > 17 R.Ż.,1a,2009,2009
,,3176,3557,1.12,0.05,0.38,2,0,3900.48,77.4,3852.99,75.98,E74 WRODZONE WADY SERCA > 17 R.Ż.,1a,2009,2009
,,2821,3656,1.3,0.05,0.39,4,0,11548.37,227.57,9857.94,194.1,E75 WRODZONE WADY SERCA < 1 R.Ż. LUB < 18 R.Ż. Z PW,1a,2009,2009
,,3728,4296,1.15,0.06,0.46,2,2,2286.01,44.96,2244.63,44.15,E76 WRODZONE WADY SERCA > 0 R.Ż. I < 18 R.Ż.,1a,2009,2009
,,45763,51147,1.12,0.7,5.48,7,7,2775.99,55.65,2645.9,52.31,E77 INNE CHOROBY UKŁADU KRĄŻENIA > 17 R.Ż.,1a,2009,2009
,,380,448,1.18,0.01,0.05,8,2,13400.26,264.18,12481.08,245.53,E78 INNE CHOROBY UKŁADU KRĄŻENIA < 1 R.Ż. ALBO < 18 R.Ż. Z PW,1a,2009,2009
,,4767,5257,1.1,0.07,0.56,3,2,2745.38,54.1,2725.93,53.72,E79 INNE CHOROBY UKŁADU KRĄŻENIA > 0 R.Ż. I < 18 R.Ż.,1a,2009,2009
,,1260,1275,1.01,0.02,0.14,10,8,4217.76,82.98,4162.54,81.9,E86 NADCIŚNIENIE TĘTNICZE OPORNE I WTÓRNE,1a,2009,2009
,,1724,1751,1.02,0.02,0.19,5,4,3057.21,60.13,3056.13,60.11,E87 CIĘŻKIE NADCIŚNIENIE TĘTNICZE > 17 R.Ż.,1a,2009,2009
,,79991,83016,1.04,1.13,8.9,4,3,1356.77,27.23,1336.88,26.53,E88 NADCIŚNIENIE TĘTNICZE > 17 R.Ż.,1a,2009,2009
,,530,533,1.01,0.01,0.08,19,14,30401.28,599.16,20002.02,394.19,F01 KOMPLEKSOWE ZABIEGI PRZEŁYKU *,1a,2009,2009
,,1713,2093,1.22,0.03,0.3,3,0,11319.43,223.43,11033.39,217.86,"F02 DUŻE ZABIEGI PRZEŁYKU, W TYM PROTEZOWANIE *",1a,2009,2009
,,3043,4425,1.45,0.06,0.64,2,0,2645.3,52.2,2619.06,51.68,F03 ŚREDNIE I ENDOSKOPOWE ZABIEGI PRZEŁYKU *,1a,2009,2009
,,36713,38625,1.05,0.53,5.58,0,0,549.31,10.95,545.81,10.88,F04 DIAGNOSTYCZNE I MAŁE  ZABIEGI PRZEWODU POKARMOWEGO *,1a,2009,2009
,,19966,21340,1.07,0.29,3.08,4,2,2209.27,44.05,2144.5,42.61,F07 CHOROBY PRZEŁYKU,1a,2009,2009
,,3651,3663,1.0,0.05,0.53,13,14,14971.13,296.26,12269.34,242.95,F11 KOMPLEKSOWE ZABIEGI ŻOŁĄDKA I DWUNASTNICY *,1a,2009,2009
,,5972,6045,1.01,0.08,0.87,8,7,6713.45,135.63,5483.08,108.59,F12 DUŻE ZABIEGI ŻOŁĄDKA I DWUNASTNICY *,1a,2009,2009
,,18755,19536,1.04,0.27,2.82,1,0,1966.91,39.84,1900.65,37.71,F13 ZABIEGI LECZNICZE ŻOŁĄDKA I DWUNASTNICY *,1a,2009,2009
,,62244,65467,1.05,0.89,9.46,4,2,1853.18,37.16,1792.33,35.59,F16 CHOROBY ŻOŁĄDKA I DWUNASTNICY,1a,2009,2009
,,3293,3319,1.01,0.05,0.48,13,11,13669.49,273.55,10655.63,211.06,F21 KOMPLEKSOWE ZABIEGI JELITA CIENKIEGO *,1a,2009,2009
,,4493,4564,1.02,0.06,0.66,9,8,8881.92,182.46,7030.88,140.1,F22 DUŻE I ENDOSKOPOWE ZABIEGI JELITA CIENKIEGO *,1a,2009,2009
,,7002,7637,1.09,0.1,1.1,3,2,2818.79,56.44,2498.6,49.24,F26 CHOROBY JELITA CIENKIEGO (BEZ CHORÓB ZAPALNYCH),1a,2009,2009
,,12053,12098,1.0,0.17,1.75,13,9,13637.67,269.82,12121.88,239.56,F31 KOMPLEKSOWE ZABIEGI JELITA GRUBEGO *,1a,2009,2009
,,7094,7302,1.03,0.1,1.06,11,10,6584.51,130.17,5827.01,115.1,F32 DUŻE I ENDOSKOPOWE ZABIEGI JELITA GRUBEGO *,1a,2009,2009
,,99727,104175,1.04,1.42,15.06,0,0,1775.6,35.39,1774.8,35.37,F33 ŚREDNIE I ENDOSKOPOWE ZABIEGI JELITA GRUBEGO,1a,2009,2009
,,27851,31163,1.12,0.43,4.5,4,2,2326.54,48.18,2230.94,44.13,F36 CHOROBY JELITA GRUBEGO,1a,2009,2009
,,18451,18810,1.02,0.26,2.72,9,7,8217.68,162.94,6505.83,128.58,F42 DUŻE ZABIEGI JAMY BRZUSZNEJ *,1a,2009,2009
,,3942,4515,1.15,0.06,0.65,4,2,2567.49,51.34,2360.93,46.88,F43 ŚREDNIE I ENDOSKOPOWE LECZNICZE ZABIEGI JAMY BRZUSZNEJ *,1a,2009,2009
,,3654,4207,1.15,0.06,0.61,0,0,1530.4,32.64,1501.0,29.8,F44 DIAGNOSTYCZNE  I LECZNICZE ZABIEGI JAMY BRZUSZNEJ *,1a,2009,2009
,,111824,117901,1.05,1.61,17.04,3,2,1509.54,30.27,1432.99,28.48,F46 CHOROBY JAMY BRZUSZNEJ,1a,2009,2009
,,11424,11657,1.02,0.16,1.69,4,3,1630.78,35.16,1609.65,32.0,F47 CHOROBY INFEKCYJNE JELIT,1a,2009,2009
,,250,261,1.04,0.0,0.04,13,8,10162.07,201.52,7851.0,156.0,F51 KOMPLEKSOWE ZABIEGI W CHOROBACH ZAPALNYCH JELIT *,1a,2009,2009
,,716,735,1.03,0.01,0.11,11,9,8850.17,175.36,6962.44,137.76,F52 DUŻE I ENDOSKOPOWE ZABIEGI W CHOROBACH ZAPALNYCH JELIT *,1a,2009,2009
,,3421,3558,1.04,0.05,0.51,0,0,1226.76,24.74,1224.76,24.61,F53 ŚREDNIE I ENDOSKOPOWE ZABIEGI W CHOROBACH ZAPALNYCH JELIT,1a,2009,2009
,,14376,16780,1.17,0.23,2.43,5,2,4010.68,86.56,3862.16,76.63,F56 CHOROBY ZAPALNE JELIT > 17 R.Ż,1a,2009,2009
,,2918,4106,1.41,0.06,0.59,3,2,3958.44,79.37,3865.05,76.02,F57 CHOROBY ZAPALNE JELIT < 18 R.Ż,1a,2009,2009
,,316,317,1.0,0.0,0.05,14,15,14019.37,278.23,6877.53,136.38,F61 KOMPLEKSOWE ZABIEGI W KRWAWIENIACH Z PRZEWODU POKARMOWEGO *,1a,2009,2009
,,8142,8515,1.05,0.12,1.23,6,5,4065.83,80.65,3364.0,66.58,F62 DUŻE I ENDOSKOPOWE LECZNICZE ZABIEGI W KRWAWIENIACH Z PRZEWODU POKARMOWEGO *,1a,2009,2009
,,5706,6594,1.16,0.09,0.95,3,0,1925.35,37.99,1766.0,34.9,F63 ŚREDNIE I ENDOSKOPOWE DIAGNOSTYCZNE ZABIEGI W KRWAWIENIACH Z PRZEWODU POKARMOWEGO,1a,2009,2009
,,15985,16817,1.05,0.23,2.43,5,4,1742.0,34.58,1302.42,25.86,F66 KRWAWIENIA Z PRZEWODU POKARMOWEGO - LECZENIE ZACHOWAWCZE,1a,2009,2009
,,48642,49654,1.02,0.68,7.18,3,3,2553.18,50.87,2535.58,50.49,F72 OPERACJE PRZEPUKLIN JAMY BRZUSZNEJ Z WSZCZEPEM *,1a,2009,2009
,,34388,34895,1.01,0.48,5.04,3,2,1869.1,37.06,1849.54,36.67,F73 OPERACJE PRZEPUKLIN BRZUSZNYCH *,1a,2009,2009
,,10310,10313,1.0,0.14,1.49,6,4,3648.4,72.02,3573.49,70.54,F82 WYCIĘCIE WYROSTKA ROBACZKOWEGO Z POWIKŁANIAMI *,1a,2009,2009
,,23846,23851,1.0,0.33,3.45,4,4,2397.32,47.3,2382.35,46.99,F83 WYCIĘCIE WYROSTKA ROBACZKOWEGO *,1a,2009,2009
,,2895,2939,1.02,0.04,0.42,3,2,1487.52,29.29,1482.03,29.18,F86 CHOROBY WYROSTKA ROBACZKOWEGO,1a,2009,2009
,,13,13,1.0,0.0,0.0,8,4,4031.46,82.38,4000.08,81.77,F92 DUŻE ZABIEGI ODBYTU *,1a,2009,2009
,,17270,18569,1.08,0.25,2.68,3,0,1252.36,24.96,1238.59,24.68,F93 ŚREDNIE ZABIEGI ODBYTU *,1a,2009,2009
,,2123,2458,1.16,0.03,0.36,0,0,478.32,9.74,477.46,9.73,F94 MAŁE ZABIEGI ODBYTU I ODBYTNICY *,1a,2009,2009
,,2266,2328,1.03,0.03,0.34,4,3,1996.22,39.59,1949.0,38.65,F96 CHOROBY ODBYTU,1a,2009,2009
,,539,542,1.01,0.01,0.2,12,8,15803.01,311.32,14538.96,286.4,G01 ROZLEGŁE ZABIEGI WĄTROBY *,1a,2009,2009
,,850,988,1.16,0.01,0.37,6,2,8530.77,169.87,8187.06,162.37,G11 KOMPLEKSOWE ZABIEGI WĄTROBY *,1a,2009,2009
,,411,475,1.16,0.01,0.18,8,2,3513.2,69.92,2814.65,56.03,G12 DUŻE ZABIEGI WĄTROBY *,1a,2009,2009
,,308,361,1.17,0.0,0.14,4,2,1283.57,25.24,1119.53,22.02,G13 ŚREDNIE ZABIEGI WĄTROBY *,1a,2009,2009
,,510,532,1.04,0.01,0.2,0,0,495.77,9.98,493.28,9.93,G14 MAŁE ZABIEGI WĄTROBY *,1a,2009,2009
,,6299,6827,1.08,0.09,2.56,7,2,3002.93,59.44,2852.65,56.43,G16 OSTRE CHOROBY WĄTROBY,1a,2009,2009
,,22099,26943,1.22,0.37,10.11,8,2,5129.53,101.54,4957.27,98.08,G17 PRZEWLEKŁE CHOROBY WĄTROBY Z PW >5 DNI,1a,2009,2009
,,39993,49045,1.23,0.67,18.4,3,2,2053.96,42.59,1989.62,39.41,G18 PRZEWLEKŁE CHOROBY WĄTROBY BEZ PW,1a,2009,2009
,,1588,1603,1.01,0.02,0.6,15,11,15187.63,299.45,13875.88,273.77,G21 KOMPLEKSOWE ZABIEGI PRZEWODÓW ŻÓŁCIOWYCH *,1a,2009,2009
,,1149,1157,1.01,0.02,0.43,14,14,5400.16,106.67,4773.73,94.38,G22 DUŻE ZABIEGI PRZEWODÓW ŻÓŁCIOWYCH *,1a,2009,2009
,,16292,16300,1.0,0.22,6.11,5,3,3779.11,74.81,3584.72,70.89,G24 WYCIĘCIE PĘCHERZYKA ŻÓŁCIOWEGO Z PW *,1a,2009,2009
,,72931,72958,1.0,1.0,27.37,4,3,3197.24,63.54,3159.49,62.67,G25 WYCIĘCIE PĘCHERZYKA ŻÓŁCIOWEGO *,1a,2009,2009
,,18175,19482,1.07,0.27,7.31,5,3,1472.79,30.13,1431.1,28.4,G26 CHOROBY DRÓG ŻÓŁCIOWYCH,1a,2009,2009
,,3311,3833,1.16,0.05,1.44,6,2,3385.28,67.38,3278.86,65.0,G28 NOWOTWORY DRÓG ŻÓŁCIOWYCH,1a,2009,2009
,,1146,1154,1.01,0.02,0.43,17,14,24749.17,490.23,16481.17,325.17,G31 KOMPLEKSOWE ZABIEGI TRZUSTKI,1a,2009,2009
,,551,560,1.02,0.01,0.21,13,7,8115.43,160.86,5961.3,118.64,G32 DUŻE ZABIEGI TRZUSTKI *,1a,2009,2009
,,770,795,1.03,0.01,0.3,2,0,10386.34,204.78,9671.39,190.72,G33 ZABIEGI ENDOSKOPOWE I PRZEZSKÓRNE DRÓG ŻÓŁCIOWYCH I TRZUSTKI Z WPROWADZENIEM PROTEZY SAMOROZPRĘŻALNEJ *,1a,2009,2009
,,15264,18439,1.21,0.25,6.92,3,1,4273.44,84.51,4162.8,82.33,G34 ZABIEGI ENDOSKOPOWE I PRZEZSKÓRNE DRÓG ŻÓŁCIOWYCH I TRZUSTKI *,1a,2009,2009
,,2496,2704,1.08,0.04,1.01,1,0,2525.97,49.85,2524.93,49.83,G35 INNE ZABIEGI DRÓG ŻÓŁCIOWYCH I TRZUSTKI *,1a,2009,2009
,,3685,3854,1.05,0.05,1.45,15,8,18007.32,356.19,14927.46,295.41,G36 OSTRE ZAPALENIE TRZUSTKI O CIĘŻKIM PRZEBIEGU,1a,2009,2009
,,20260,22491,1.11,0.31,8.44,7,6,3311.22,66.1,2892.64,57.15,G37 OSTRE ZAPALENIE TRZUSTKI,1a,2009,2009
,,11596,14119,1.22,0.19,5.3,6,3,2818.59,56.18,2717.67,53.75,G38 PRZEWLEKŁE CHOROBY TRZUSTKI,1a,2009,2009
,,1445,1446,1.0,0.02,0.54,9,7,8300.87,165.3,5851.36,115.51,G42 ZABIEGI ŚLEDZIONY *,1a,2009,2009
,,876,886,1.01,0.01,0.14,9,7,8410.57,179.67,4673.59,92.03,"H01 ENDOPROTEZOPLASTYKA ŁOKCIA, BARKU, NADGARSTKA, STAWU SKOKOWO-GOLENIOWEGO, PIERWOTNA CZĘŚCIOWA KOLANA *",1a,2009,2009
,,3413,3429,1.0,0.05,0.54,13,13,5492.76,110.3,5199.87,103.05,H02 ENDOPROTEZOPLASTYKA PIERWOTNA CZĘŚCIOWA STAWU BIODROWEGO *,1a,2009,2009
,,8,8,1.0,0.0,0.0,9,5,1887.0,37.0,1887.0,37.0,H03 ENDOPROTEZOPLASTYKA PIERWOTNA DROBNYCH STAWÓW W OBRĘBIE RĘKI *,1a,2009,2009
,,7950,8016,1.01,0.11,1.26,13,14,8740.07,183.6,8436.9,167.01,"H04 ENDOPROTEZOPLASTYKA PIERWOTNA CAŁKOWITA CEMENTOWA, BIPOLARNA BIODRA *",1a,2009,2009
,,20559,20928,1.02,0.29,3.28,11,9,12009.13,249.42,11839.12,234.38,"H05 ENDOPROTEZOPLASTYKA PIERWOTNA CAŁKOWITA KOLANA, BEZCEMENTOWA BIODRA *",1a,2009,2009
,,12054,12333,1.02,0.17,1.93,12,11,19564.41,429.89,19321.29,381.25,"H06 ENDOPROTEZOPLASTYKA PIERWOTNA CAŁKOWITA BIODRA LUB KOLANA Z REKONSTRUKCJĄ KOSTNĄ, ENDOPROTEZOPLASTYKA STAWU BIODROWEGO Z ZASTOSOWANIEM TRZPIENIA PRZYNASADOWEGO, KAPOPLASTYKA STAWU BIODROWEGO *",1a,2009,2009
,,1572,1625,1.03,0.02,0.25,15,14,13482.38,288.03,13148.87,259.55,H07 ENDOPROTEZOPLASTYKA REWIZYJNA CZĘŚCIOWA *,1a,2009,2009
,,1534,1556,1.01,0.02,0.24,16,14,25668.96,531.55,25068.74,494.45,H08 ENDOPROTEZOPLASTYKA REWIZYJNA CAŁKOWITA *,1a,2009,2009
,,196,199,1.02,0.0,0.03,17,15,9326.06,234.71,8976.68,176.04,"H09 ZABIEGI OPERACYJNE - REWIZYJNE Z POWODU ASEPTYCZNEGO OBLUZOWANIA LUB Z TOWARZYSZĄCYM ZŁAMANIEM ""OKOŁOPROTEZOWYM"" *",1a,2009,2009
,,668,755,1.13,0.01,0.12,21,21,16226.5,323.42,15800.31,310.76,H10 ZABIEGI OPERACYJNE - REWIZYJNE W PRZYPADKACH INFEKCJI WOKÓŁ PROTEZY *,1a,2009,2009
,,251,255,1.02,0.0,0.04,18,20,31726.22,728.15,12769.46,253.2,H11 ZABIEGI RESEKCYJNE ZMIAN NOWOTWOROWYCH LUB GUZOWATYCH Z ENDOPROTEZOPLASTYKĄ LUB ZABIEG REWIZYJNY Z UŻYCIEM PROTEZ PORESEKCYJNYCH *,1a,2009,2009
,,11657,11864,1.02,0.16,1.86,3,1,4718.27,93.33,4717.96,93.32,H21 ARTROSKOPOWA REKONSTRUKCJA Z UŻYCIEM IMPLANTÓW MOCUJĄCYCH *,1a,2009,2009
,,53414,54667,1.02,0.75,8.57,2,2,2727.91,54.1,2726.61,54.07,H22 ARTROSKOPIA LECZNICZA *,1a,2009,2009
,,5338,5375,1.01,0.07,0.84,3,2,1458.59,28.8,1456.21,28.76,H23 ARTROSKOPIA DIAGNOSTYCZNO - LECZNICZA *,1a,2009,2009
,,2801,2906,1.04,0.04,0.46,8,4,13494.09,269.57,13123.81,258.39,H31 KOMPLEKSOWE ZABIEGI W ZAKRESIE KOŃCZYNY DOLNEJ I MIEDNICY *,1a,2009,2009
,,13547,14091,1.04,0.19,2.21,5,3,4941.57,99.66,4873.63,96.38,H32 DUŻE ZABIEGI W ZAKRESIE KOŃCZYNY DOLNEJ I MIEDNICY *,1a,2009,2009
,,22624,23887,1.06,0.33,3.74,2,2,1259.97,25.52,1256.73,24.91,H33 ŚREDNIE ZABIEGI NA KOŃCZYNIE DOLNEJ *,1a,2009,2009
,,817,827,1.01,0.01,0.13,4,2,10300.39,204.58,10231.04,203.22,"H41 REKONSTRUKCJA FUNKCJI RĘKI, W TYM MIKROCHIRURGICZNA *",1a,2009,2009
,,10422,10804,1.04,0.15,1.69,3,2,4251.27,86.62,4218.78,83.46,H42 DUŻE ZABIEGI NA KOŃCZYNIE GÓRNEJ *,1a,2009,2009
,,24761,25679,1.04,0.35,4.02,1,2,1253.64,25.04,1253.15,24.9,H43 ŚREDNIE ZABIEGI NA KOŃCZYNIE GÓRNEJ *,1a,2009,2009
,,12777,13139,1.03,0.18,2.06,8,3,26260.98,546.87,25580.38,509.27,H51 KOMPLEKSOWE ZABIEGI KOREKCYJNE KRĘGOSŁUPA *,1a,2009,2009
,,1422,1550,1.09,0.02,0.24,4,2,14095.69,313.16,13658.56,271.79,H52 ZABIEGI NA KRĘGOSŁUPIE Z ZASTOSOWANIEM IMPLANTÓW *,1a,2009,2009
,,716,725,1.01,0.01,0.11,7,4,9432.42,200.91,9371.76,185.92,H53 ZABIEGI NA KRĘGOSŁUPIE BEZ STOSOWANIA IMPLANTÓW *,1a,2009,2009
,,856,947,1.11,0.01,0.15,0,0,3375.38,66.81,3375.38,66.81,H55 ZABIEGI ARTROSKOPOWE I PRZEZSKÓRNE W ZAKRESIE KRĘGOSŁUPA *,1a,2009,2009
,,45389,46907,1.03,0.64,7.35,4,2,1473.42,32.49,1410.69,27.96,H56 ZESPOŁY BÓLOWE KRĘGOSŁUPA > 3 DNI,1a,2009,2009
,,93,93,1.0,0.0,0.01,22,13,30632.87,633.49,25151.3,502.42,H60 REKONSTRUKCJA ZŁAMAŃ W OBRĘBIE MIEDNICY Z PW *,1a,2009,2009
,,385,388,1.01,0.01,0.06,21,21,17245.77,342.46,15936.33,314.12,H61 REKONSTRUKCJA ZŁAMAŃ W OBRĘBIE MIEDNICY BEZ PW *,1a,2009,2009
,,44859,45452,1.01,0.62,7.12,9,7,4833.59,98.35,4601.82,90.85,H62 ZŁAMANIA LUB ZWICHNIĘCIA W OBRĘBIE MIEDNICY LUB KOŃCZYNY DOLNEJ *,1a,2009,2009
,,36253,36703,1.01,0.5,5.75,3,2,3743.22,74.6,3648.95,72.03,H63 ZŁAMANIA LUB ZWICHNIĘCIA W OBRĘBIE KOŃCZYNY GÓRNEJ *,1a,2009,2009
,,45878,47352,1.03,0.65,7.42,1,1,980.3,19.88,961.41,19.11,H64 MNIEJSZE ZŁAMANIA LUB ZWICHNIĘCIA *,1a,2009,2009
,,3511,3542,1.01,0.05,0.56,21,11,5438.79,111.25,4913.3,97.14,"H66 CZYNNOŚCIOWE LECZENIE ZŁAMAŃ KOŚCI DŁUGICH, STAWOWYCH, MIEDNICY, KRĘGOSŁUPA > 10 DNI",1a,2009,2009
,,2647,2669,1.01,0.04,0.42,5,3,2491.98,49.33,2229.55,44.12,"H67 CZYNNOŚCIOWE LECZENIE ZŁAMAŃ KOŚCI DŁUGICH, STAWOWYCH, MIEDNICY, KRĘGOSŁUPA",1a,2009,2009
,,8492,9060,1.07,0.12,1.42,13,8,6769.05,135.99,6194.55,122.48,H72 AMPUTACJE ROZLEGŁE I DUŻE *,1a,2009,2009
,,4146,4229,1.02,0.06,0.66,2,1,1306.93,26.24,1258.22,24.99,H74 MNIEJSZE AMPUTACJE *,1a,2009,2009
,,2691,2837,1.05,0.04,0.45,16,11,10474.6,208.96,10282.26,203.45,"H81 KOMPLEKSOWE ZABIEGI W CHOROBACH INFEKCYJNYCH, NOWOTWOROWYCH KOŚCI, STAWÓW, TKANKI ŁĄCZNEJ > 10 DNI *",1a,2009,2009
,,12709,13146,1.03,0.18,2.06,4,2,3202.63,64.28,3121.04,61.82,"H82 DUŻE ZABIEGI W CHOROBACH INFEKCYJNYCH, NOWOTWOROWYCH  KOŚCI, STAWÓW, TKANKI ŁĄCZNEJ *",1a,2009,2009
,,50446,53094,1.05,0.73,8.32,2,0,1916.28,39.28,1890.78,37.51,H83 ŚREDNIE ZABIEGI NA TKANKACH MIĘKKICH *,1a,2009,2009
,,19611,20853,1.06,0.28,3.27,0,0,566.87,11.24,563.22,11.16,H84 MNIEJSZE ZABIEGI W OBRĘBIE UKŁADU MIĘŚNIOWO-SZKIELETOWEGO LUB TKANEK MIĘKKICH *,1a,2009,2009
,,1040,1048,1.01,0.01,0.16,1,0,803.63,19.25,688.96,13.63,H85 POURAZOWE USZKODZENIA POZA USZKODZENIEM MÓZGU > 17 R.Ż.,1a,2009,2009
,,12339,12780,1.04,0.17,2.0,3,2,1792.63,35.96,1757.21,34.71,H86 CHOROBY TKANEK MIĘKKICH,1a,2009,2009
,,29859,39491,1.32,0.54,6.19,7,2,3312.52,66.22,3233.53,64.01,H87 CHOROBY ZAPALNE STAWÓW I TKANKI ŁĄCZNEJ,1a,2009,2009
,,3325,3577,1.08,0.05,0.56,10,4,3437.53,68.52,3403.25,67.12,H88 CHOROBY INFEKCYJNE KOŚCI I STAWÓW,1a,2009,2009
,,36838,42735,1.16,0.58,6.7,4,2,2355.09,47.5,2343.02,46.31,H89 CHOROBY NIEZAPALNE KOŚCI I STAWÓW,1a,2009,2009
,,1473,1575,1.07,0.02,0.25,7,4,9178.99,181.01,9035.61,177.72,H92 ZABIEGI REKONSTRUKCYJNE DEFORMACJI UKŁADU KOSTNO-STAWOWEGO < 18 R.Ż.,1a,2009,2009
,,25092,30962,1.23,0.42,4.85,11,11,3328.89,74.7,3208.14,63.34,H96 UKŁADOWE CHOROBY TKANKI ŁĄCZNEJ,1a,2009,2009
,,1821,1905,1.05,0.03,0.3,7,4,1665.34,33.09,1663.0,32.91,H97 SPONDYLOARTROPATIE ZAPALNE,1a,2009,2009
,,1238,1311,1.06,0.02,0.21,9,14,1847.79,36.49,1846.04,36.46,H98 KRYSTALOPATIE,1a,2009,2009
,,158,161,1.02,0.0,0.07,7,7,8657.49,172.31,8605.85,171.3,J01 RADYKALNE ODJĘCIE PIERSI Z REKONSTRUKCJĄ *,1a,2009,2009
,,11814,11948,1.01,0.16,4.91,7,7,5234.72,103.24,5195.5,102.45,J02 KOMPLEKSOWE ZABIEGI W OBRĘBIE PIERSI *,1a,2009,2009
,,9350,9630,1.03,0.13,3.96,2,2,2619.28,51.99,2612.02,51.83,J03 DUŻE ZABIEGI W OBRĘBIE PIERSI *,1a,2009,2009
,,691,740,1.07,0.01,0.3,5,3,4823.26,95.28,4799.6,94.81,J04 ZABIEGI REKONSTRUKCYJNE PIERSI *,1a,2009,2009
,,739,765,1.04,0.01,0.31,1,0,1183.22,23.35,1181.82,23.33,J05 ŚREDNIA CHIRURGIA PIERSI *,1a,2009,2009
,,9660,9879,1.02,0.14,4.06,1,0,550.53,10.88,550.0,10.87,J06 MAŁA CHIRURGIA PIERSI *,1a,2009,2009
,,3411,3473,1.02,0.05,1.43,2,0,592.67,11.75,591.75,11.73,J07 CHOROBY PIERSI ŁAGODNE *,1a,2009,2009
,,6360,7637,1.2,0.1,3.14,2,0,1513.03,35.88,1392.76,27.6,J08 CHOROBY PIERSI ZŁOŚLIWE *,1a,2009,2009
,,3571,3785,1.06,0.05,1.56,5,7,3763.63,74.24,3733.88,73.65,J09 WYCIĘCIE WĘZŁÓW CHŁONNYCH,1a,2009,2009
,,7446,7853,1.05,0.11,3.23,0,0,3039.88,60.0,3039.85,60.0,J10 BIOPSJA MAMMOTOMICZNA *,1a,2009,2009
,,574,578,1.01,0.01,0.25,32,14,49581.96,1059.88,44885.14,887.25,"J11 POWAŻNE OPARZENIA (ODMROŻENIA), OPARZENIA 3O/  >19% TBSA - JEDNEJ LUB WIELU OKOLIC CIAŁA Z PRZESZCZEPEM SKÓRY > 10 DNI *",1a,2009,2009
,,54,54,1.0,0.0,0.02,1,2,1181.78,23.22,1170.44,23.0,"J12 POWAŻNE OPARZENIA (ODMROŻENIA), OPARZENIA 3O/ >19% TBSA - JEDNEJ LUB WIELU OKOLIC CIAŁA, PRZENIESIONE DO ODDZIAŁU SPECJALISTYCZNEGO *",1a,2009,2009
,,488,491,1.01,0.01,0.21,15,11,22836.07,450.81,21821.07,430.88,"J13 POWAŻNE OPARZENIA (ODMROŻENIA), OPARZENIA 3O/ >19% TBSA - JEDNEJ LUB WIELU OKOLIC CIAŁA BEZ PRZESZCZEPU SKÓRY > 10 DNI *",1a,2009,2009
,,38,38,1.0,0.0,0.02,34,51,13740.69,272.72,12638.66,251.11,J14 OPARZENIA (ODMROŻENIA) Z WIELOMA PRZESZCZEPAMI SKÓRY Z PW *,1a,2009,2009
,,27,27,1.0,0.0,0.01,26,13,10849.32,213.13,10734.22,210.78,J15 OPARZENIA (ODMROŻENIA) Z WIELOMA PRZESZCZEPAMI SKÓRY BEZ PW *,1a,2009,2009
,,26,27,1.04,0.0,0.01,19,22,9132.56,182.52,9076.67,181.22,J16 OPARZENIA Z JEDNYM PRZESZCZEPEM SKÓRY Z PW *,1a,2009,2009
,,632,641,1.01,0.01,0.26,13,12,6651.82,135.39,6377.28,126.76,J17 OPARZENIA Z JEDNYM PRZESZCZEPEM SKÓRY BEZ PW *,1a,2009,2009
,,851,861,1.01,0.01,0.35,10,3,10090.94,199.28,9478.29,187.84,J18 OPARZENIA (ODMROŻENIA) Z INNYMI PROCEDURAMI Z PW *,1a,2009,2009
,,6070,6115,1.01,0.08,2.51,5,2,3572.51,70.56,3494.06,69.03,J19 OPARZENIA (ODMROŻENIA) Z INNYMI PROCEDURAMI BEZ PW *,1a,2009,2009
,,124,124,1.0,0.0,0.05,7,6,3536.02,69.56,3102.23,61.04,J20 INNE OPARZENIA (ODMROŻENIA) Z PW,1a,2009,2009
,,1658,1675,1.01,0.02,0.69,4,2,1761.69,34.75,1620.75,31.99,J21 INNE OPARZENIA (ODMROŻENIA) BEZ PW,1a,2009,2009
,,7189,7630,1.06,0.1,3.14,3,0,3779.05,75.91,3733.46,74.14,J32 DUŻE ZABIEGI SKÓRNE *,1a,2009,2009
,,72233,77752,1.08,1.06,31.97,0,0,1730.47,34.38,1728.24,34.33,J33 ŚREDNIE ZABIEGI SKÓRNE *,1a,2009,2009
,,5000,5500,1.1,0.08,2.26,12,7,7158.7,142.34,6933.35,137.03,J34 LECZENIE CHIRURGICZNE ZMIAN TROFICZNYCH STOPY *,1a,2009,2009
,,11754,14062,1.2,0.19,5.78,10,7,3562.13,70.89,3395.26,67.18,J37 OWRZODZENIA SKÓRY,1a,2009,2009
,,5583,6323,1.13,0.09,2.6,7,4,4202.5,82.85,4146.07,81.68,J38 CIĘŻKIE CHOROBY DERMATOLOGICZNE,1a,2009,2009
,,26074,29544,1.13,0.4,12.15,7,4,1847.42,36.71,1833.39,36.41,J39 DUŻE CHOROBY DERMATOLOGICZNE,1a,2009,2009
,,9760,9948,1.02,0.14,4.09,5,3,2021.54,40.15,1976.87,39.21,J46 DUŻE CHOROBY INFEKCYJNE SKÓRY,1a,2009,2009
,,1538,1671,1.09,0.02,0.69,3,2,2693.93,53.39,2663.02,52.64,J47 DUŻE GUZY SKÓRY,1a,2009,2009
,,22600,24294,1.08,0.33,9.99,2,0,990.85,19.8,979.93,19.52,J49 ŁAGODNE CHOROBY DERMATOLOGICZNE,1a,2009,2009
,,1140,1147,1.01,0.02,0.56,5,3,14612.91,287.25,14579.49,286.58,K01 ZABIEGI RADYKALNE W RAKACH GRUCZOŁÓW DOKREWNYCH *,1a,2009,2009
,,1027,1027,1.0,0.01,0.5,4,3,6667.3,131.11,6653.02,130.83,K02 OPERACJA WOLA GUZOWATEGO POWIKŁANEGO *,1a,2009,2009
,,18881,19015,1.01,0.26,9.23,4,4,3787.39,75.17,3751.13,74.48,K03 ZABIEGI DOTYCZĄCE TARCZYCY I PRZYTARCZYC *,1a,2009,2009
,,1004,1012,1.01,0.01,0.49,7,7,10757.68,213.03,10524.42,207.96,K04 ZABIEGI DOTYCZĄCE NADNERCZY *,1a,2009,2009
,,2888,3023,1.05,0.04,1.47,0,0,688.49,13.8,688.36,13.8,"K05 ZABIEGI DIAGNOSTYCZNE TARCZYCY, PRZYTARCZYC, NADNERCZY *",1a,2009,2009
,,499,520,1.04,0.01,0.25,9,7,4452.86,88.15,4175.59,82.72,K06 STANY NAGLĄCE W ENDOKRYNOLOGII,1a,2009,2009
,,398,409,1.03,0.01,0.2,9,8,4979.72,100.52,4893.24,95.95,K07 STANY NAGLĄCE W ENDOKRYNOLOGII < 18 R.Ż,1a,2009,2009
,,7901,8777,1.11,0.12,4.26,1,0,2144.72,46.64,2081.46,40.96,K16 CHOROBY  PRZYSADKI,1a,2009,2009
,,15088,15799,1.05,0.22,7.67,5,4,1451.61,30.1,1410.17,27.98,K26 ZABURZENIA WODNO-ELEKTROLITOWE,1a,2009,2009
,,19264,20189,1.05,0.28,9.8,4,2,2457.52,48.75,2358.08,46.7,K27 ZABURZENIA ODŻYWIENIA,1a,2009,2009
,,10927,12709,1.16,0.17,6.17,4,0,3741.66,74.7,3702.78,73.59,K28 WRODZONE WADY METABOLICZNE,1a,2009,2009
,,2324,2396,1.03,0.03,1.16,6,4,2137.73,46.77,2086.2,41.35,K36 CUKRZYCA ZE STANAMI HIPOGLIKEMICZNYMI,1a,2009,2009
,,6920,7340,1.06,0.1,3.56,7,7,2572.86,51.03,2461.29,48.63,K37 CUKRZYCA ZE STANAMI HIPERGLIKEMICZNYMI,1a,2009,2009
,,59703,63772,1.07,0.87,30.97,7,7,2266.9,45.32,2220.4,43.83,K38 CUKRZYCA I STANY HIPERGLIKEMICZNE INNEGO POCHODZENIA,1a,2009,2009
,,4077,4684,1.15,0.06,2.27,10,7,4518.2,89.42,4433.41,87.63,K39 STOPA CUKRZYCOWA,1a,2009,2009
,,2198,2250,1.02,0.03,1.09,2,2,1995.58,39.68,1989.9,39.57,K46 CIĘŻKIE CHOROBY TARCZYCY,1a,2009,2009
,,14312,15369,1.07,0.21,7.46,3,0,1441.86,28.57,1414.01,27.96,K47 CHOROBY TARCZYCY,1a,2009,2009
,,575,1577,2.74,0.02,0.77,3,0,2874.51,56.46,2874.51,56.46,K48 ORBITOPATIA TARCZYCOWA - TERAPIA PRZECIWZAPALNA I PRZYGOTOWANIE DO RADIOTERAPII I LECZENIA DEKOMPRESYJNEGO,1a,2009,2009
,,10415,12021,1.15,0.16,5.84,3,2,3537.46,69.69,3535.83,69.6,"K53 NADCZYNNOŚĆ GRUCZOŁÓW DOKREWNYCH POZA HIPERPROLAKTYNEMIĄ, NADCZYNNOŚCIĄ TARCZYCY I GUZAMI NEUROENDOKRYNNYMI PRZEWODU POKARMOWEGO I UKŁADU ODDECHOWEGO",1a,2009,2009
,,193,211,1.09,0.0,0.1,4,4,2114.73,41.62,2114.73,41.62,K54 AUTOIMMUNOLOGICZNE ZESPOŁY WIELOGRUCZOŁOWE,1a,2009,2009
,,729,792,1.09,0.01,0.38,2,2,4825.7,94.94,4821.24,94.66,"K55 RAKI GRUCZOŁÓW DOKREWNYCH Z ZABURZENIAMI CZYNNOŚCI HORMONALNEJ, NOWOTWOROWE ZESPOŁY WIELOGRUCZOŁOWE ORAZ EKTOPOWE WYDZIELANIE HORMONÓW Z WYŁACZENIEM GUZÓW NEUROENDOKRYNNYCH PRZEWODU POKARMOWEGO I UKŁADU ODDECHOWEGO",1a,2009,2009
,,202,219,1.08,0.0,0.11,4,4,5451.73,116.73,3127.18,61.34,K56 GUZY ZŁOŚLIWE GRUCZOŁÓW DOKREWNYCH BEZ ZABURZEŃ CZYNNOŚCI HORMONALNEJ,1a,2009,2009
,,298,389,1.31,0.01,0.19,2,2,3960.44,86.41,3837.74,75.39,K57 GUZY NEUROENDOKRYNNE,1a,2009,2009
,,4629,5399,1.17,0.07,2.62,3,3,2570.8,56.78,2459.51,48.69,K58 NOWOTWORY ENDOKRYNNE POZA PRZYSADKĄ,1a,2009,2009
,,3867,4156,1.07,0.06,2.02,4,2,1779.42,35.27,1737.03,34.29,K59 INNE CHOROBY UKŁADU WYDZIELANIA WEWNĘTRZNEGO,1a,2009,2009
,,1561,1732,1.11,0.02,0.84,4,2,9923.64,194.93,9876.24,194.0,K63 KWALIFIKACJA DO LECZENIA JODEM RADIOAKTYWNYM RAKA TARCZYCY LUB OCENA SKUTECZNOŚCI LECZENIA Z ZASTOSOWANIEM REKOMBINOWANEGO TSH [RHTSH],1a,2009,2009
,,6,7,1.17,0.0,0.0,7,7,8160.0,160.0,8160.0,160.0,K64 LECZENIE RADIOIZOTOPOWE NOWOTWORÓW Z ZASTOSOWANIERM 131I - META-JODO-BENZYL GUANIDYNY (131 I-MIBG),1a,2009,2009
,,5370,5424,1.01,0.07,1.12,9,8,7911.95,156.3,7664.81,151.42,L01 KOMPLEKSOWE OTWARTE ZABIEGI NEREK,1a,2009,2009
,,1833,1859,1.01,0.03,0.39,9,8,6475.0,127.55,5967.68,118.14,L02 DUŻE OTWARTE ZABIEGI NEREK,1a,2009,2009
,,1250,1266,1.01,0.02,0.26,10,9,3546.76,70.73,3457.98,68.97,L03 ŚREDNIE OTWARTE ZABIEGI NEREK *,1a,2009,2009
,,3488,3659,1.05,0.05,0.76,7,5,5056.81,100.58,5020.28,99.87,L05 DUŻE ENDOSKOPOWE ZABIEGI NEREK *,1a,2009,2009
,,2565,3085,1.2,0.04,0.64,1,0,2038.38,40.63,1994.08,39.82,L06 ŚREDNIE ENDOSKOPOWE ZABIEGI NEREK *,1a,2009,2009
,,21675,22880,1.06,0.31,4.74,5,4,1164.36,24.04,1134.62,22.61,L07 ZAKAŻENIA NEREK LUB DRÓG MOCZOWYCH,1a,2009,2009
,,26680,43733,1.64,0.6,9.07,1,0,2146.49,42.87,2111.82,41.97,L08 NOWOTWORY NEREK I DRÓG MOCZOWYCH,1a,2009,2009
,,593,597,1.01,0.01,0.12,11,8,5519.3,108.92,5418.31,106.96,L12 DUŻE OTWARTE ZABIEGI MOCZOWODU *,1a,2009,2009
,,868,872,1.0,0.01,0.18,10,8,3209.36,63.89,3136.06,62.45,L13 ŚREDNIE OTWARTE ZABIEGI MOCZOWODU *,1a,2009,2009
,,11088,11960,1.08,0.16,2.48,4,2,4025.51,80.0,4017.51,79.71,L15 DUŻE ENDOSKOPOWE ZABIEGI MOCZOWODU *,1a,2009,2009
,,6141,7304,1.19,0.1,1.51,1,0,2008.75,40.04,1992.0,39.71,L16 ŚREDNIE ENDOSKOPOWE ZABIEGI MOCZOWODU *,1a,2009,2009
,,827,829,1.0,0.01,0.17,18,14,18797.8,372.8,17333.81,343.89,L21 KOMPLEKSOWE ZABIEGI PĘCHERZA MOCZOWEGO Z WYTWORZENIEM PRZETOKI *,1a,2009,2009
,,495,496,1.0,0.01,0.1,18,16,16754.77,334.36,15498.08,309.46,"L22 DUŻE OTWARTE ZABIEGI NA PĘCHERZU MOCZOWYM, W TYM PLASTYKA *",1a,2009,2009
,,937,957,1.02,0.01,0.2,9,9,2129.09,42.5,1925.06,38.48,L23 ŚREDNIE OTWARTE ZABIEGI NA PĘCHERZU MOCZOWYM *,1a,2009,2009
,,92,93,1.01,0.0,0.02,15,10,6596.39,129.53,4587.81,89.96,L24 ZABIEGI W ZAKRESIE PRZETOK ODPROWADZAJĄCYCH MOCZ *,1a,2009,2009
,,582,684,1.18,0.01,0.14,3,2,4400.14,86.48,4366.24,85.74,L25 DUŻE ENDOSKOPOWE ZABIEGI NA PĘCHERZU MOCZOWYM *,1a,2009,2009
,,13574,16386,1.21,0.22,3.4,3,2,2614.54,52.46,2585.44,51.6,L26 ŚREDNIE ZABIEGI ENDOSKOPOWE NA PĘCHERZU MOCZOWYM *,1a,2009,2009
,,13480,14270,1.06,0.2,2.96,0,0,836.49,18.09,831.38,16.59,L27 ZABURZENIA ODPŁYWU MOCZU,1a,2009,2009
,,23048,28300,1.23,0.39,5.87,0,0,1033.33,20.46,1025.28,20.29,L29 CHOROBY PĘCHERZA MOCZOWEGO I MOCZOWODU,1a,2009,2009
,,2272,2272,1.0,0.03,0.47,10,9,8256.83,163.03,8094.92,159.82,L31 RADYKALNA PROSTATEKTOMIA *,1a,2009,2009
,,2268,2268,1.0,0.03,0.47,12,9,5206.9,103.9,5109.0,101.96,L32 OTWARTE ZABIEGI GRUCZOŁU KROKOWEGO I SZYI PĘCHERZA MOCZOWEGO *,1a,2009,2009
,,12231,12650,1.03,0.17,2.62,5,4,3533.07,70.3,3504.53,69.74,L43 PRZEZCEWKOWA RESEKCJA GRUCZOŁU KROKOWEGO *,1a,2009,2009
,,12947,13360,1.03,0.18,2.77,0,0,1292.82,25.94,1290.57,25.89,L45 ENDOSKOPOWE ZABIEGI GRUCZOŁU KROKOWEGO LUB PĘCHERZA MOCZOWEGO *,1a,2009,2009
,,10933,12204,1.12,0.17,2.53,2,2,506.4,10.31,484.32,9.64,L46 CHOROBY GRUCZOŁU KROKOWEGO,1a,2009,2009
,,1836,1908,1.04,0.03,0.4,6,2,4344.63,85.54,4322.22,85.1,L52 DUŻE OTWARTE ZABIEGI CEWKI MOCZOWEJ *,1a,2009,2009
,,4978,5881,1.18,0.08,1.22,2,2,1746.51,34.91,1735.91,34.69,L53 ŚREDNIE ZABIEGI CEWKI MOCZOWEJ *,1a,2009,2009
,,9688,11641,1.2,0.16,2.41,0,0,671.3,13.58,670.06,13.56,L54 MAŁE ZABIEGI CEWKI MOCZOWEJ *,1a,2009,2009
,,3682,3726,1.01,0.05,0.77,1,0,3060.13,61.04,3052.83,60.89,L62 DUŻE I ŚREDNIE ZABIEGI PRĄCIA *,1a,2009,2009
,,10336,10517,1.02,0.14,2.18,0,0,642.78,12.82,621.33,12.39,L64 MAŁE ZABIEGI  PRĄCIA *,1a,2009,2009
,,7098,7602,1.07,0.1,1.58,2,2,737.18,14.97,725.98,14.57,"L69 CHOROBY PRĄCIA, JĄDER, NASIENIOWODU, MOCZOWODU I CEWKI MOCZOWEJ",1a,2009,2009
,,20475,21216,1.04,0.29,4.4,2,2,1581.82,31.45,1549.61,30.76,"L72 ZABIEGI MOSZNY, JĄDRA, NAJĄDRZA I NASIENIOWODU *",1a,2009,2009
,,8660,16551,1.91,0.23,3.43,4,2,3587.31,69.3,3149.2,62.32,L81 LECZENIE POWIKŁAŃ LECZENIA NERKOZASTĘPCZEGO > 17 R.Ż,1a,2009,2009
,,13238,13845,1.05,0.19,2.87,8,7,4455.37,89.64,3958.98,78.19,L82 OSTRA NIEWYDOLNOŚĆ NEREK,1a,2009,2009
,,17079,21515,1.26,0.29,4.46,6,2,1832.71,36.99,1703.64,33.83,L83 PRZEWLEKŁA NIEWYDOLNOŚĆ NEREK,1a,2009,2009
,,51135,67113,1.31,0.92,13.91,4,2,2744.66,54.58,2681.88,53.06,L84 INNE CHOROBY NEREK,1a,2009,2009
,,37975,41307,1.09,0.56,8.56,2,0,859.89,17.22,849.41,17.0,L85 KAMICA MOCZOWA,1a,2009,2009
,,16090,18204,1.13,0.25,3.77,0,0,564.69,11.27,545.39,10.89,L86 BADANIA W ZAKRESIE DRÓG MOCZOWYCH,1a,2009,2009
,,137,496,3.62,0.01,0.1,2,0,4876.39,94.78,3342.48,65.64,L87 LECZENIE POWIKŁAŃ LECZENIA NERKOZASTĘPCZEGO < 18 R.Ż,1a,2009,2009
,,39,39,1.0,0.0,0.01,9,8,28713.0,563.0,28713.0,563.0,L91 IMPLANTACJA LUB WYMIANA HYDRAULICZNEGO ZWIERACZA CEWKI MOCZOWEJ (AUS) *,1a,2009,2009
,,18953,33107,1.75,0.45,6.86,0,0,975.17,19.5,975.07,19.49,L92 ESWL *,1a,2009,2009
,,69,69,1.0,0.0,0.01,17,16,54597.44,1070.54,54504.96,1068.72,L93 PRZESZCZEPIENIE NERKI - KATEGORIA I*,1a,2009,2009
,,257,257,1.0,0.0,0.05,19,15,47377.09,928.95,47254.18,926.55,L94 PRZESZCZEPIENIE NERKI > 17 R. Ż. *,1a,2009,2009
,,10,10,1.0,0.0,0.0,18,17,56246.27,1102.87,55947.0,1097.0,L96 PRZESZCZEPIENIE NERKI < 18 R.Ż.,1a,2009,2009
,,12,12,1.0,0.0,0.0,18,20,106930.0,2096.67,106590.0,2090.0,L97 PRZESZCZEPIENIE NERKI I TRZUSTKI *,1a,2009,2009
,,309,316,1.02,0.0,0.06,12,7,14270.42,279.86,13857.53,271.77,M01 KOMPLEKSOWE ZABIEGI DOLNEJ CZĘŚCI UKŁADU ROZRODCZEGO BEZ PW *,1a,2009,2009
,,19501,19773,1.01,0.27,3.65,6,7,4095.31,80.93,4086.22,80.75,M02 DUŻE ZABIEGI DOLNEJ CZĘŚCI UKŁADU ROZRODCZEGO *,1a,2009,2009
,,23020,23364,1.01,0.32,4.31,1,0,1299.89,25.72,1299.19,25.7,M03 ŚREDNIE ZABIEGI DOLNEJ CZĘŚCI UKŁADU ROZRODCZEGO *,1a,2009,2009
,,38083,39256,1.03,0.54,7.24,0,0,640.87,12.71,640.65,12.71,M04 MAŁE ZABIEGI DOLNEJ CZĘŚCI UKŁADU ROZRODCZEGO *,1a,2009,2009
,,6003,6074,1.01,0.08,1.12,4,2,3805.25,75.19,3800.62,75.1,M05 ZABIEGI W NIETRZYMANIU MOCZU *,1a,2009,2009
,,19,19,1.0,0.0,0.0,15,10,13477.42,264.26,13429.11,263.32,M06 KOMPLEKSOWE ZABIEGI DOLNEJ CZĘŚCI UKŁADU ROZRODCZEGO Z PW *,1a,2009,2009
,,3468,3481,1.0,0.05,0.64,9,7,14566.64,286.9,14297.48,281.6,M11 KOMPLEKSOWE ZABIEGI GÓRNEJ CZĘŚCI UKŁADU ROZRODCZEGO BEZ PW *,1a,2009,2009
,,2956,2958,1.0,0.04,0.55,8,7,9020.69,177.7,8836.07,173.56,M12 BARDZO DUŻE ZABIEGI GÓRNEJ CZĘŚCI UKŁADU ROZRODCZEGO BEZ PW *,1a,2009,2009
,,53521,53713,1.0,0.73,9.91,6,7,3550.55,69.96,3505.62,69.06,M13 DUŻE ZABIEGI GÓRNEJ CZĘŚCI UKŁADU ROZRODCZEGO *,1a,2009,2009
,,39442,40146,1.02,0.55,7.41,2,2,2337.47,46.16,2320.98,45.82,M14 ŚREDNIE ZABIEGI GÓRNEJ CZĘŚCI UKŁADU ROZRODCZEGO *,1a,2009,2009
,,158623,163611,1.03,2.24,30.19,0,0,905.6,17.95,904.9,17.88,M15 MAŁE ZABIEGI GÓRNEJ CZĘŚCI UKŁADU ROZRODCZEGO *,1a,2009,2009
,,99898,112163,1.12,1.53,20.69,2,1,1419.29,28.19,1418.0,28.0,"M16 ZAGRAŻAJĄCE LUB DOKONANE PORONIENIE, ZAKOŃCZENIE CIĄŻY OBUMARŁEJ *",1a,2009,2009
,,1218,1222,1.0,0.02,0.23,2,1,1325.23,26.05,1323.03,26.0,M17 INDUKCJA PORONIENIA,1a,2009,2009
,,4184,4299,1.03,0.06,0.79,2,2,734.67,14.57,730.72,14.49,M18 LECZENIE ZACHOWAWCZE DOLNEJ CZĘŚCI UKŁADU ROZRODCZEGO,1a,2009,2009
,,2947,3102,1.05,0.04,0.57,2,2,777.34,15.41,776.45,15.35,M19 LECZENIE ZACHOWAWCZE ZABURZEŃ STATYKI NARZĄDU RODNEGO,1a,2009,2009
,,126,126,1.0,0.0,0.02,12,7,18283.53,361.96,16694.92,330.81,M20 KOMPLEKSOWE ZABIEGI GÓRNEJ CZĘŚCI UKŁADU ROZRODCZEGO Z PW *,1a,2009,2009
,,100,100,1.0,0.0,0.02,9,7,10409.66,204.87,9697.14,190.14,M21 BARDZO DUŻE ZABIEGI GÓRNEJ CZĘŚCI UKŁADU ROZRODCZEGO Z PW *,1a,2009,2009
,,21419,22227,1.04,0.3,4.1,2,2,835.88,16.52,819.22,16.19,M26 LECZENIE ZACHOWAWCZE GÓRNEJ CZĘŚCI UKŁADU ROZRODCZEGO,1a,2009,2009
,,28506,29917,1.05,0.41,5.52,3,2,1885.66,37.21,1877.15,36.98,"M27 LECZENIE ZACHOWAWCZE JAJNIKÓW, JAJOWODÓW I MIEDNICY MNIEJSZEJ",1a,2009,2009
,,1783,2122,1.19,0.03,0.39,4,2,4025.15,82.51,3791.55,74.61,M28 LECZENIE ZACHOWAWCZE NOWOTWORÓW ZŁOŚLIWYCH UKŁADU ROZRODCZEGO Z PW > 4 DNI,1a,2009,2009
,,5875,7683,1.31,0.1,1.42,2,2,1463.99,30.99,1342.22,26.42,M29 LECZENIE ZACHOWAWCZE NOWOTWORÓW ZŁOŚLIWYCH UKŁADU ROZRODCZEGO BEZ PW,1a,2009,2009
,,4772,6251,1.31,0.09,1.15,2,2,1247.2,32.32,1133.16,22.26,M30 LECZENIE ZACHOWAWCZE W INNYCH CHOROBACH UKŁADU ROZRODCZEGO,1a,2009,2009
,,359952,360065,1.0,4.92,35.34,4,3,1710.84,33.58,1681.92,32.99,N01 PORÓD *,1a,2009,2009
,,9852,9855,1.0,0.13,0.97,5,4,2620.2,51.38,2502.09,49.06,N02 PORÓD MNOGI LUB PRZEDWCZESNY *,1a,2009,2009
,,32274,32279,1.0,0.44,3.17,8,6,3637.72,71.49,3524.39,69.11,N03 PATOLOGIA CIĄŻY LUB PŁODU Z PORODEM > 5 DNI *,1a,2009,2009
,,37674,41990,1.11,0.57,4.12,1,1,454.46,9.0,454.29,9.0,"N04 PATOLOGIA CIĄŻY - DIAGNOSTYKA, OBSERWACJA < 3 DNI",1a,2009,2009
,,83017,101392,1.22,1.39,9.97,4,3,1575.29,31.11,1573.79,31.04,"N05 PATOLOGIA CIĄŻY I POŁOGU- DIAGNOSTYKA, LECZENIE - > 2 DNI",1a,2009,2009
,,3350,3479,1.04,0.05,0.34,14,12,3418.68,67.15,3402.59,66.83,"N06 PATOLOGIA CIĄŻY I POŁOGU- DIAGNOSTYKA, LECZENIE - > 11 DNI",1a,2009,2009
,,25568,31442,1.23,0.43,3.09,3,2,3068.21,60.68,3062.6,60.57,"N07 CIĘŻKA PATOLOGIA CIĄŻY - DIAGNOSTYKA ROZSZERZONA, LECZENIE KOMPLEKSOWE",1a,2009,2009
,,1024,1122,1.1,0.02,0.11,0,0,1597.54,31.45,1597.0,31.44,"N08 CIĘŻKA PATOLOGIA PŁODU - DIAGNOSTYKA, LECZENIE",1a,2009,2009
,,4952,4952,1.0,0.07,0.49,15,11,7926.98,155.44,7718.14,151.34,"N09 CIĘŻKA PATOLOGIA CIĄŻY Z PORODEM - DIAGNOSTYKA ROZSZERZONA, LECZENIE KOMPLEKSOWE > 6 DNI *",1a,2009,2009
,,17527,20584,1.17,0.28,2.02,3,2,1012.97,19.89,1012.97,19.89,N10 NOWORODEK ZDROWY,1a,2009,2009
,,114,114,1.0,0.0,0.01,15,11,8930.52,175.19,8364.0,164.0,"N11 CIĘŻKA PATOLOGIA CIĄŻY Z PORODEM -DIAGNOSTYKA ROZSZERZONA, LECZENIE KOMPLEKSOWE > 10 DNI Z PW *",1a,2009,2009
,,232783,248245,1.07,3.39,24.36,3,3,1020.25,20.01,1019.84,20.0,N20 NOWORODEK WYMAGAJĄCY NORMALNEJ OPIEKI,1a,2009,2009
,,1303,1339,1.03,0.02,0.13,57,31,87854.04,1722.82,80443.42,1577.32,N21 CIĘŻKA PATOLOGIA NOWORODKA > 30 DNI,1a,2009,2009
,,7577,7813,1.03,0.11,0.77,14,0,24993.97,490.17,23206.27,455.07,N22 NOWORODEK WYMAGAJĄCY INTENSYWNEJ TERAPII,1a,2009,2009
,,20658,21458,1.04,0.29,2.11,8,7,6555.94,128.57,5913.6,115.97,N23 NOWORODEK WYMAGAJĄCY INTENSYWNEJ OPIEKI,1a,2009,2009
,,41815,42607,1.02,0.58,4.18,6,5,4689.52,91.99,4620.54,90.63,N24 NOWORODEK WYMAGAJĄCY SZCZEGÓLNEJ OPIEKI,1a,2009,2009
,,83304,86374,1.04,1.18,8.47,4,3,2871.08,56.32,2802.74,54.98,N25 NOWORODEK WYMAGAJĄCY WZMOŻONEGO NADZORU,1a,2009,2009
,,240,242,1.01,0.0,0.02,27,14,37186.93,729.16,30661.96,601.21,N26 NOWORODEK WYMAGAJĄCY INTENSYWNEJ TERAPII Z ZABIEGIEM CHIRURGICZNYM,1a,2009,2009
,,653,690,1.06,0.01,0.07,14,0,25393.99,499.39,18843.74,370.83,N31 KOMPLEKSOWE ZABIEGI CHIRURGII NOWORODKA I NIEMOWLĘCIA,1a,2009,2009
,,834,864,1.04,0.01,0.08,10,8,16066.89,316.36,11237.66,221.63,N32 DUŻE ZABIEGI CHIRURGII NOWORODKA I NIEMOWLĘCIA,1a,2009,2009
,,1580,1625,1.03,0.02,0.16,3,2,5863.04,115.19,5738.94,112.76,N33 ŚREDNIE ZABIEGI CHIRURGII NOWORODKA I NIEMOWLĘCIA,1a,2009,2009
,,155,157,1.01,0.0,0.02,4,2,3216.31,63.09,3149.49,61.78,N34 MAŁE ZABIEGI CHIRURGII NOWORODKA I NIEMOWLĘCIA,1a,2009,2009
,,6534,6979,1.07,0.1,1.67,4,2,1844.01,55.31,1820.81,36.31,P01 ASTMA LUB TRUDNOŚCI W ODDYCHANIU,1a,2009,2009
,,44224,45797,1.04,0.63,10.95,4,2,1166.61,23.58,1162.55,23.38,P03 CHOROBY GÓRNEGO ODCINKA DRÓG ODDECHOWYCH,1a,2009,2009
,,64912,69395,1.07,0.95,16.59,7,7,3014.84,62.76,2966.24,59.28,P04 CHOROBY DOLNYCH DRÓG ODDECHOWYCH,1a,2009,2009
,,3299,3476,1.05,0.05,0.83,8,7,4747.1,95.27,4499.62,89.45,P05 GŁÓWNE INFEKCJE (W TYM CHOROBY IMMUNOLOGICZNE),1a,2009,2009
,,27204,29266,1.08,0.4,7.0,4,2,1348.73,27.0,1336.77,26.75,P06 MNIEJSZE INFEKCJE (W TYM CHOROBY IMMUNOLOGICZNE),1a,2009,2009
,,1825,2575,1.41,0.04,0.62,1,0,1720.04,35.81,1583.72,31.2,P07 NOWOTWORY,1a,2009,2009
,,2314,2400,1.04,0.03,0.57,3,2,805.06,16.03,763.03,15.2,P08 DRGAWKI GORĄCZKOWE,1a,2009,2009
,,4347,4491,1.03,0.06,1.07,3,2,1009.86,20.17,1001.4,20.0,P09 CHOROBY UKŁADU NERWOWEGO,1a,2009,2009
,,7471,9558,1.28,0.13,2.29,2,0,2332.45,59.17,2151.09,42.36,P10 CHOROBY ENDOKRYNOLOGICZNE (BEZ CUKRZYCY),1a,2009,2009
,,5356,6079,1.14,0.08,1.45,2,2,2152.18,43.09,2079.11,41.08,P11 POWAŻNE CHOROBY ŻOŁĄDKOWO-JELITOWE I METABOLICZNE,1a,2009,2009
,,32515,33572,1.03,0.46,8.03,3,2,1346.91,26.93,1337.42,26.74,P12 INNE ZABURZENIA ŻOŁĄDKOWO-JELITOWE I METABOLICZNE,1a,2009,2009
,,5570,8681,1.56,0.12,2.08,2,0,1709.9,34.14,1708.53,34.11,P13 ALERGIE,1a,2009,2009
,,17324,17510,1.01,0.24,4.19,2,2,1130.82,22.5,1107.08,21.89,P14 POURAZOWE USZKODZENIA POZA USZKODZENIEM MÓZGU,1a,2009,2009
,,6104,6397,1.05,0.09,1.53,3,2,1857.13,36.84,1836.29,36.43,P15 ZABURZENIA ZACHOWANIA,1a,2009,2009
,,3925,4269,1.09,0.06,1.02,2,2,2362.31,48.08,2085.19,41.14,P16 POWAŻNE SCHORZENIA UWARUNKOWANE GENETYCZNIE I INNE CHOROBY WRODZONE,1a,2009,2009
,,5671,5964,1.05,0.08,1.43,2,2,1410.04,28.04,1401.05,27.86,P17 CHOROBY UKŁADU MOCZOWO-PŁCIOWEGO,1a,2009,2009
,,2893,5240,1.81,0.07,1.25,2,0,2782.12,54.99,2765.34,54.6,P18 CHOROBY NEREK Z NIEWYDOLNOŚCIĄ NERKOWĄ,1a,2009,2009
,,5900,9097,1.54,0.12,2.18,2,0,1623.07,32.3,1195.01,23.64,P19 CHOROBY KRWI,1a,2009,2009
,,16041,17031,1.06,0.23,4.07,4,2,1992.71,39.88,1971.18,39.28,"P20 CHOROBY SKÓRY, UKŁADU MIĘŚNIOWO-KOSTNEGO LUB TKANKI ŁĄCZNEJ",1a,2009,2009
,,10421,11587,1.11,0.16,2.77,3,2,2272.85,45.73,2243.24,45.08,P21 CHOROBY SERCA,1a,2009,2009
,,93211,97031,1.04,1.33,23.2,3,2,2030.22,40.72,2026.06,40.54,P22 INFEKCYJNE I NIEINFEKCYJNE ZAPALENIE ŻOŁĄDKA I JELIT,1a,2009,2009
,,10595,12821,1.21,0.18,3.07,3,2,3164.26,62.5,3041.21,60.06,P23 PADACZKA,1a,2009,2009
,,5535,6884,1.24,0.09,1.65,3,0,3126.95,80.32,2868.26,56.81,P24 CUKRZYCA,1a,2009,2009
,,509,509,1.0,0.01,0.12,4,2,2770.33,54.48,1723.23,33.95,P25 URAZ GŁOWY Z URAZEM MÓZGU,1a,2009,2009
,,13,13,1.0,0.0,0.0,9,8,9768.14,216.08,7701.0,151.0,P26 LECZENIE NOWOTWORÓW Z PW > 7 DNI,1a,2009,2009
,,105,273,2.6,0.0,0.07,2,0,6141.65,126.07,4487.02,87.98,P27 GUZY LITE UKŁADU NERWOWEGO,1a,2009,2009
,,760,1281,1.69,0.02,0.31,2,3,4143.24,87.46,3659.2,71.78,"P28 GUZY LITE NARZĄDÓW, TKANEK I INNYCH UKŁADÓW",1a,2009,2009
,,1580,1603,1.01,0.02,1.06,7,7,62935.67,1242.85,61836.35,1220.34,Q01 ENDOWASKULARNE ZAOPATRZENIE TĘTNIAKA AORTY *,1a,2009,2009
,,2895,2944,1.02,0.04,1.95,12,8,17212.22,340.93,13956.01,276.42,Q02 ZABIEGI NACZYNIOWE W OBSZARZE BRZUSZNYM Z PW I REOPERACJE *,1a,2009,2009
,,3061,3088,1.01,0.04,2.05,10,9,10720.5,212.13,9068.53,179.34,Q03 ZABIEGI NACZYNIOWE W OBSZARZE BRZUSZNYM *,1a,2009,2009
,,304,310,1.02,0.0,0.21,13,11,16661.39,327.39,16285.25,320.0,Q11 ZABIEGI HYBRYDOWE W OBRĘBIE NACZYŃ OBWODOWYCH *,1a,2009,2009
,,4731,5014,1.06,0.07,3.32,8,7,7906.89,156.01,7608.34,150.15,Q12 ZABIEGI NA TĘTNICACH KOŃCZYN DOLNYCH *,1a,2009,2009
,,2358,2454,1.04,0.03,1.63,12,8,10816.76,213.5,10579.23,208.84,Q13 POMOSTOWANIE TĘTNIC OBWODOWYCH *,1a,2009,2009
,,4045,4255,1.05,0.06,2.82,5,3,7957.57,159.1,7722.7,152.64,Q14 POMOSTOWANIE I REKONSTRUCJA NACZYŃ POZACZASZKOWYCH I KOŃCZYN GÓRNYCH *,1a,2009,2009
,,1187,1218,1.03,0.02,0.81,4,2,6650.7,138.51,6402.22,126.8,Q15 ZABIEGI W ZAKRESIE NACZYŃ POZACZASZKOWYCH I KOŃCZYN GÓRNYCH *,1a,2009,2009
,,1520,1622,1.07,0.02,1.08,4,1,6351.97,125.14,6052.26,119.29,Q16 INNE ZABIEGI NA NACZYNIACH *,1a,2009,2009
,,552,589,1.07,0.01,0.39,6,2,2822.63,56.28,2806.62,55.97,Q17 SYMPATEKTOMIA *,1a,2009,2009
,,1020,1038,1.02,0.01,0.69,8,7,3038.89,61.08,2972.37,59.77,Q18 DUŻE ZABIEGI NA UKŁADZIE LIMFATYCZNYM *,1a,2009,2009
,,2458,2487,1.01,0.03,1.65,2,0,2024.96,40.25,2010.02,39.88,Q19 ŚREDNIE ZABIEGI NA UKŁADZIE LIMFATYCZNYM *,1a,2009,2009
,,2777,2888,1.04,0.04,1.92,1,0,612.1,12.16,601.49,11.95,Q20 MAŁE ZABIEGI NA UKŁADZIE LIMFATYCZNYM *,1a,2009,2009
,,3363,3473,1.03,0.05,2.3,2,2,2635.79,52.9,2634.06,52.87,Q22 ZAKRZEPOWE ZAPALENIE ŻYŁ - LECZENIE OPERACYJNE *,1a,2009,2009
,,36068,38283,1.06,0.52,25.39,2,0,1839.93,36.59,1839.82,36.58,Q23 OPERACJE ŻYLAKÓW Z SAFENEKTOMIĄ *,1a,2009,2009
,,5273,5670,1.08,0.08,3.76,1,0,615.68,12.23,615.41,12.22,Q24 OPERACJE ŻYLAKÓW BEZ SAFENEKTOMII *,1a,2009,2009
,,65,66,1.02,0.0,0.04,7,5,48659.81,954.11,47889.0,939.0,Q31 CHOROBY KRWOTOCZNE NACZYŃ MÓZGOWYCH  - REMODELING NACZYŃ Z ZASTOSOWANIEM STENTU *,1a,2009,2009
,,358,370,1.03,0.01,0.25,6,4,37224.41,734.86,34659.35,684.0,Q32 CHOROBY KROWOTOCZNE NACZYŃ MÓZGOWYCH - DUŻY ENDOWASKULARNY ZABIEG NAPRAWCZY *,1a,2009,2009
,,765,845,1.1,0.01,0.56,6,4,29088.39,570.74,27469.62,539.0,Q33 CHOROBY KRWOTOCZNE NACZYŃ MÓZGOWYCH - ŚREDNI ENDOWASKULARNY ZABIEG NAPRAWCZY *,1a,2009,2009
,,1676,1745,1.04,0.02,1.16,3,2,4899.71,96.65,4866.43,96.0,Q41 ZABIEGI ENDOWASKULARNE - 1. GRUPA *,1a,2009,2009
,,3313,3491,1.05,0.05,2.32,3,2,7129.31,140.96,7080.58,140.0,Q42 ZABIEGI ENDOWASKULARNE - 2. GRUPA *,1a,2009,2009
,,629,647,1.03,0.01,0.43,3,2,9206.1,181.12,9149.16,180.0,Q43 ZABIEGI ENDOWASKULARNE - 3. GRUPA *,1a,2009,2009
,,1595,1690,1.06,0.02,1.12,3,2,10687.37,211.26,10623.4,210.0,Q44 ZABIEGI ENDOWASKULARNE - 4. GRUPA *,1a,2009,2009
,,279,290,1.04,0.0,0.19,5,2,9758.38,193.15,9599.82,190.0,Q45 ZABIEGI ENDOWASKULARNE - 5. GRUPA *,1a,2009,2009
,,532,564,1.06,0.01,0.37,4,3,12614.86,253.09,12087.79,239.79,Q46 ZABIEGI ENDOWASKULARNE - 6. GRUPA *,1a,2009,2009
,,1931,2051,1.06,0.03,1.36,5,2,13247.81,261.98,13223.83,260.0,Q47 ZABIEGI ENDOWASKULARNE - 7. GRUPA *,1a,2009,2009
,,3015,3101,1.03,0.04,2.06,1,2,1594.22,32.06,1590.23,31.98,Q48 RADIOLOGIA ZABIEGOWA - ZABIEGI DIAGNOSTYCZNE *,1a,2009,2009
,,470,516,1.1,0.01,0.34,3,1,6024.2,118.82,5981.93,118.0,Q51 DOSTĘP NACZYNIOWY W LECZENIU NERKOZASTĘPCZYM Z WYKORZYSTANIEM PROTEZ NACZYNIOWYCH *,1a,2009,2009
,,7607,10511,1.38,0.14,6.97,2,1,3357.94,66.16,3235.32,63.99,Q52 DOSTĘP NACZYNIOWY W LECZENIU NERKOZASTĘPCZYM *,1a,2009,2009
,,43103,47975,1.11,0.66,31.81,6,3,2390.42,47.67,2321.74,46.06,Q66 CHOROBY NACZYŃ,1a,2009,2009
,,1012,1446,1.43,0.02,0.73,29,11,40706.84,1001.7,29075.57,575.18,S01 INTENSYWNE LECZENIE OSTRYCH BIAŁACZEK > 17 R.Ż,1a,2009,2009
,,2461,2849,1.16,0.04,1.44,14,11,17337.15,460.83,13122.66,258.96,S02 CHOROBY UKŁADU KRWIOTWÓRCZEGO I ODPORNOŚCIOWEGO > 10 DNI,1a,2009,2009
,,13541,21950,1.62,0.3,11.13,4,2,4957.49,120.57,4149.87,81.95,S03 CHOROBY UKŁADU KRWIOTWÓRCZEGO I ODPORNOŚCIOWEGO > 1 DNIA,1a,2009,2009
,,7384,14306,1.94,0.2,7.26,0,0,1191.34,48.63,756.47,14.98,S04 CHOROBY UKŁADU KRWIOTWÓRCZEGO I ODPORNOŚCIOWEGO < 2 DNI,1a,2009,2009
,,10531,11045,1.05,0.15,5.61,14,11,4026.39,80.01,3294.06,64.94,"S05 ZABURZENIA KRZEPLIWOŚCI, INNE CHOROBY KRWI I ŚLEDZIONY > 10 DNI",1a,2009,2009
,,20527,24348,1.19,0.33,12.37,4,2,953.29,19.6,554.59,11.0,"S06 ZABURZENIA KRZEPLIWOŚCI, INNE CHOROBY KRWI I ŚLEDZIONY > 1 DNIA",1a,2009,2009
,,8413,14272,1.7,0.2,7.24,0,0,443.64,9.84,302.85,6.0,"S07 ZABURZENIA KRZEPLIWOŚCI, INNE CHOROBY KRWI I ŚLEDZIONY < 2 DNI",1a,2009,2009
,,292,417,1.43,0.01,0.21,31,11,45237.98,1059.77,36390.19,713.77,S08 INTENSYWNE LECZENIE OSTRYCH BIAŁACZEK < 18 R.Ż,1a,2009,2009
,,251,257,1.02,0.0,0.13,26,23,53666.38,1103.62,52166.85,1022.88,S21 PRZESZCZEPIENIE AUTOLOGICZNYCH KOMÓREK KRWIOTWÓRCZYCH *,1a,2009,2009
,,70,70,1.0,0.0,0.04,37,37,133539.44,2783.95,128920.71,2527.86,S22 PRZESZCZEPIENIE ALLOGENICZNYCH KOMÓREK KRWIOTWÓRCZYCH OD RODZEŃSTWA IDENTYCZNEGO W HLA *,1a,2009,2009
,,78,79,1.01,0.0,0.04,43,42,255223.26,5045.15,252098.81,4943.11,S23 PRZESZCZEPIENIE ALLOGENICZNYCH KOMÓREK KRWIOTWÓRCZYCH OD DAWCY ALTERNATYWNEGO *,1a,2009,2009
,,1872,2380,1.27,0.03,1.21,2,2,1997.74,39.86,1995.25,39.81,S31 CHOROBY ALERGICZNE > 1 DNIA,1a,2009,2009
,,2577,16320,6.33,0.22,8.28,0,0,484.14,9.86,484.14,9.86,S32 CHOROBY ALERGICZNE < 2 DNI,1a,2009,2009
,,80,80,1.0,0.0,0.04,9,3,10301.44,204.13,9319.61,185.0,S40 INTENSYWNE LECZENIE ZATRUĆ,1a,2009,2009
,,2414,2442,1.01,0.03,1.24,4,2,6422.16,125.14,6031.48,122.51,S41 ZATRUCIE CIĘŻKIE,1a,2009,2009
,,1817,1855,1.02,0.03,0.94,4,2,4586.32,92.69,4415.72,88.27,S42 ZATRUCIE ŚREDNIE,1a,2009,2009
,,33208,34581,1.04,0.47,17.54,2,1,2170.63,43.29,2122.42,41.99,S43 ZATRUCIE LEKKIE,1a,2009,2009
,,994,1174,1.18,0.02,0.6,6,7,3690.45,75.96,3661.33,73.0,S44 INNE STANY W TOKSYKOLOGII,1a,2009,2009
,,1837,3112,1.69,0.04,1.58,4,2,6032.88,118.82,5915.13,116.51,S51 AIDS - LECZENIE CHOROBY PEŁNOOBJAWOWEJ,1a,2009,2009
,,3956,6754,1.71,0.09,3.43,0,0,3418.0,72.13,1371.06,27.07,S52 NIEDOBORY ODPORNOŚCI INNE NIŻ HIV/ AIDS,1a,2009,2009
,,9693,10209,1.05,0.14,5.18,12,10,8575.61,172.23,7193.95,142.24,S53 POSOCZNICA,1a,2009,2009
,,267,269,1.01,0.0,0.14,3,2,585.3,12.07,581.73,12.0,S54 OBSERWACJA I WSTĘPNA DIAGNOSTYKA W CELU WYKLUCZENIA CHORÓB ZAKAŹNYCH > 1 DNIA,1a,2009,2009
,,7039,7180,1.02,0.1,3.64,5,3,1452.18,29.49,1370.5,27.22,S55 GORĄCZKA NIEJASNEGO POCHODZENIA,1a,2009,2009
,,4213,4277,1.02,0.06,2.17,4,3,1251.55,25.15,1243.9,24.89,S57 INNE CHOROBY WIRUSOWE,1a,2009,2009
,,14191,15492,1.09,0.21,7.86,7,0,1841.59,36.52,1815.3,36.0,S60 CHOROBY ZAKAŹNE NIEWIRUSOWE,1a,2009,2009
,,4408,5586,1.27,2.43,,0,0,709.27,14.03,707.86,14.0,BADANIE AUDIOLOGICZNE DZIECI (DO 4 R.Ż.),1b,2009,2009
,,3986,4538,1.14,1.97,,0,0,927.16,19.11,921.38,19.0,BADANIE PEDOAUDIOLOGICZNE W PODEJRZENIU GŁUCHOTY U DZIECKA,1b,2009,2009
,,304,318,1.05,0.14,,8,3,7037.11,137.98,6732.0,132.0,CIĘŻKA NIEWYDOLNOŚĆ SERCA - KWALIFIKACJA DO PRZESZCZEPU SERCA/ PŁUCA/ SERCA I PŁUC,1b,2009,2009
,,382,491,1.29,0.21,,16,14,25233.69,529.4,23020.91,455.2,"CIĘŻKIE POWIKŁANIA INFEKCYJNE U CHOREGO PO PRZESZCZEPIENIU NARZĄDU LUB SZPIKU, WYMAGAJĄCE INTENSYWNEGO LECZENIA PRZECIWGRZYBICZEGO I/LUB PRZECIWWIRUSOWEGO - DIAGNOSTYKA, LECZENIE PACJENTA OD 31 DNIA PO WYKONANIU PRZESZCZEPU >3 DNI",1b,2009,2009
,,227,315,1.39,0.14,,0,0,1533.99,30.08,1479.0,29.0,DIAGNOSTYKA I LECZENIE CHOREGO Z NIEWYDOLNOŚCIĄ SERCA W OKRESIE KWALIFIKACJI DO PRZESZCZEPU SERCA,1b,2009,2009
,,76,87,1.14,0.04,,7,2,3865.95,75.8,3672.0,72.0,DIAGNOSTYKA I LECZENIE CHOREGO Z NIEWYDOLNOŚCIĄ WĄTROBY W OKRESIE KWALIFIKACJI DO PRZESZCZEPU WĄTROBY,1b,2009,2009
,,452,475,1.05,0.21,,0,0,1313.33,26.08,1309.25,26.0,DOPASOWANIE PROCESORA MOWY SYSTEMU IMPLANTU ŚLIMAKOWEGO LUB ZAKOTWICZONEGO NA PRZEWODNICTWO KOSTNE,1b,2009,2009
,,26816,27410,1.02,11.9,,1,1,409.68,8.18,404.21,8.03,"DYSKWALIFIKACJA Z PLANOWEGO ZABIEGU OPERACYJNEGO/PROCEDUR INWAZYJNYCH Z POWODU UJAWNIONYCH W SZPITALU PRZECIWSKAZAŃ (NP. CHOROBY INFEKCYJNE, KARDIOLOGICZNE, ZMIANA SPOSOBU POSTĘPOWANIA - ODSTĄPIENIE OD LECZENIA OPERACYJNEGO)",1b,2009,2009
,,8571,10153,1.18,4.41,,55,0,10131.77,200.55,9827.48,194.27,GRUŹLICA - LECZENIE DŁUGOTERMINOWE,1b,2009,2009
,,277,364,1.31,0.16,,59,0,14813.84,304.1,13068.7,258.48,"GRUŹLICA WIELOLEKOOPORNA, MYKOBAKTERIOZY - LECZENIE DŁUGOTERMINOWE",1b,2009,2009
,,19757,26018,1.32,11.3,,16,4,9896.08,202.58,7697.84,152.49,HOSPITALIZACA DO TELERADIOTERAPII - W ODDZIALE RADIOTERAPII/ONKOLOGII KLINICZNEJ,1b,2009,2009
,,66,94,1.42,0.04,,8,2,3441.8,68.76,3421.09,67.13,HOSPITALIZACJA DO BRACHYTERAPII I TERAPII IZOTOPOWEJ,1b,2009,2009
,,3624,4936,1.36,2.14,,2,2,2443.13,48.11,1310.05,25.76,HOSPITALIZACJA DO BRACHYTERAPII I TERAPII IZOTOPOWEJ - W ODDZIALE RADIOTERAPII/ONKOLOGII KLINICZNEJ,1b,2009,2009
,,7499,7532,1.0,3.27,,11,8,10666.17,210.86,8810.97,173.0,HOSPITALIZACJA DO PROCEDUR MZ 8 I MZ 9,1b,2009,2009
,,26,26,1.0,0.01,,14,14,6509.91,127.65,5100.0,100.0,HOSPITALIZACJA DO PROCEDURY MZ 10,1b,2009,2009
,,1241,1300,1.05,0.56,,37,3,12714.11,259.27,12349.22,242.14,HOSPITALIZACJA DO PROCEDURY MZ 12,1b,2009,2009
,,143,215,1.5,0.09,,2,2,1295.49,25.49,1295.49,25.49,HOSPITALIZACJA DO PROCEDURY MZ 13,1b,2009,2009
,,84,84,1.0,0.04,,5,3,3086.11,60.51,3060.0,60.0,HOSPITALIZACJA DO PROCEDURY MZ 7,1b,2009,2009
,,445,447,1.0,0.19,,13,11,19203.36,377.83,15238.39,300.0,HOSPITALIZACJA DO PROCEDURY MZ 9 Z IZW,1b,2009,2009
,,1113,1382,1.24,0.6,,12,4,5092.87,102.27,5021.22,99.3,HOSPITALIZACJA DO TELERADIOTERAPII /TERAPII PROTONOWEJ NOWOTWORÓW ZLOKALIZOWANYCH POZA NARZĄDEM WZROKU>17 R.Ż.,1b,2009,2009
,,15770,15977,1.01,6.94,,0,0,630.24,12.85,601.6,12.01,HOSPITALIZACJA PRZED PRZEKAZANIEM DO OŚRODKA O WYŻSZYM POZIOMIE REFERENCYJNYM,1b,2009,2009
,,8693,9041,1.04,3.93,,5,0,20291.01,409.72,0.0,0.0,HOSPITALIZACJA WYŁĄCZNIE W ODDZIALE ANESTEZJOLOGII I INTENSYWNEJ TERAPII,1b,2009,2009
,,72581,81543,1.12,35.41,,1,0,559.01,13.0,501.73,10.0,HOSPITALIZACJA Z PRZYCZYN NIE UJĘTYCH GDZIE INDZIEJ,1b,2009,2009
,,205,228,1.11,0.1,,0,0,1499.5,29.67,1270.53,25.11,"HOSPITALIZACJA ZWIAZANA Z WYTWORZENIEM STAŁEGO DOSTĘPU NACZYNIOWEGO Z UŻYCIEM CEWNIKA TYPU BROVIAC, HICKMAN LUB GROSHONG",1b,2009,2009
,,107,165,1.54,0.07,,2,1,5967.27,113.23,5639.04,111.0,"HOSPITALIZACJA ZWIĄZANA Z GRAFTEKTOMIĄ - DIAGNOSTYKA, LECZENIE PACJENTA OD 31 DNIA PO WYKONANIU PRZESZCZEPU",1b,2009,2009
,,346,386,1.12,0.17,,11,4,4583.9,89.35,4426.56,87.0,"HOSPITALIZACJA ZWIĄZANA Z KWALIFIKACJĄ DO PRZESZCZEPU WĄTROBY, TRZUSTKI, SERCA, PŁUCA, SERCA I PŁUCA",1b,2009,2009
,,2,13,6.5,0.01,,0,0,5508.0,108.0,5508.0,108.0,HOSPITALIZACJA ZWIĄZANA Z LDL-AFEREZĄ,1b,2009,2009
,,1723,5271,3.06,2.29,,0,0,1471.17,31.22,249.92,5.02,"HOSPITALIZACJA ZWIĄZANA Z PRZETOCZENIEM KRWI, PRODUKTÓW KRWIOPOCHODNYCH W TYM IMMUNOGLOBULIN",1b,2009,2009
,,170,331,1.95,0.14,,0,0,1551.21,30.68,1530.0,30.0,HOSPITALIZACJA ZWIĄZANA Z WYKONANIEM AFEREZY LECZNICZEJ POZA PLAZMAFEREZĄ I LDL-AFEREZĄ,1b,2009,2009
,,508,508,1.0,0.22,,11,8,21332.15,418.29,19839.0,389.0,"HOSPITALIZACJA ZŁOŻONA DO PROCEDURY MZ 15, W TYM Z IZW",1b,2009,2009
,,1515,1540,1.02,0.67,,0,0,3173.77,62.92,2788.68,55.0,IMPLANTACJA PORTU NACZYNIOWEGO Z HOSPITALIZACJĄ,1b,2009,2009
,,779,851,1.09,0.37,,2,2,2255.22,43.43,2140.14,43.0,KWALIFIKACJA DO PRZESZCZEPU NERKI - BADANIE WSTĘPNE,1b,2009,2009
,,23,23,1.0,0.01,,4,3,2888.14,49.22,2384.14,48.0,KWALIFIKACJA DO PRZESZCZEPU NERKI I TRZUSTKI,1b,2009,2009
,,79,94,1.19,0.04,,0,0,344.4,5.21,254.0,5.0,KWALIFIKACJA DO PRZESZCZEPU NERKI I/LUB TRZUSTKI - BADANIE KONTROLNE,1b,2009,2009
,,157,214,1.36,0.09,,5,0,18715.26,369.41,18134.32,357.9,"OSTRE ODRZUCANIE PRZESZCZEPU LUB OSTRA CHOROBA PRZESZCZEP PRZECIW GOSPODARZOWI - DIAGNOSTYKA, LECZENIE PACJENTA OD 31 DNIA OD WYKONANIA PRZESZCZEPU",1b,2009,2009
,,54,71,1.31,0.03,,8,0,24924.71,501.17,20956.09,417.1,"OSTRE STERYDOOPORNE ODRZUCANIE  PRZESZCZEPU LUB OSTRA CHOROBA PRZESZCZEP PRZECIW GOSPODARZOWI - DIAGNOSTYKA, LECZENIE PACJENTA OD 31 DNIA OD WYKONANIA PRZESZCZEPU",1b,2009,2009
,,830,867,1.04,0.38,,6,4,7401.89,145.71,7339.98,144.5,"PADACZKA LEKOOPORNA - DIAGNOSTYKA (NMR/ TK, VIDEO EEG, HOLTER EEG), LECZENIE (MIN 2 BADANIA Z WYMIENIONYCH), LECZENIE",1b,2009,2009
,,37,57,1.54,0.02,,1,0,9321.16,316.53,7583.61,152.63,PLAZMAFEREZA LECZNICZA Z HOSPITALIZACJĄ,1b,2009,2009
,,615,851,1.38,0.37,,0,0,2962.32,58.21,2937.79,57.8,"POGORSZENIE CZYNNOŚCI PRZESZCZEPIONEGO NARZĄDU - DIAGNOSTYKA, LECZENIE  OD 31 DNIA PO WYKONANIU PRZESZCZEPU",1b,2009,2009
,,1841,3101,1.68,1.35,,7,0,11048.67,219.83,10884.83,215.19,"POWIKŁANIA INFEKCYJNE U CHOREGO PO PRZESZCZEPIENIU NARZĄDU LUB SZPIKU - DIAGNOSTYKA, LECZENIE (DIAGNOSTYKA, LECZENIE PACJENTA OD 31 DNIA PO WYKONANIU PRZESZCZEPU) >3 DNI",1b,2009,2009
,,2294,3375,1.47,1.47,,4,0,6105.68,121.08,5944.78,117.2,"POWIKŁANIA NIEINFEKCYJNE U CHOREGO PO PRZESZCZEPIENIU NARZĄDU LUB SZPIKU - DIAGNOSTYKA, LECZENIE (DIAGNOSTYKA, LECZENIE PACJENTA OD 31 DNIA PO WYKONANIU PRZESZCZEPU) >3 DNI",1b,2009,2009
,,134,168,1.25,0.07,,30,30,11582.22,227.43,9728.31,191.02,PRZEWLEKŁA WENTYLACJA PACJENTA W ODDZIALE,1b,2009,2009
,,342,487,1.42,0.21,,1,0,3099.36,61.0,3056.72,60.0,"PRZEWLEKŁE ODRZUCANIE PRZESZCZEPU LUB PRZEWLEKŁA CHOROBA PRZESZCZEP PRZECIW GOSPODARZOWI  - DIAGNOSTYKA, LECZENIE (DIAGNOSTYKA, LECZENIE PACJENTA OD 31 DNIA PO WYKONANIU PRZESZCZEPU)",1b,2009,2009
,,353,354,1.0,0.15,,4,2,2394.5,48.02,2393.63,48.0,PRZYMUSOWA HOSPITALIZACJA ZGODNIE Z ART. 34 USTAWY Z DNIA 5 GRUDNIA 2008 R. O ZAPOBIEGANIU ORAZ ZWALCZANIU ZAKAŻEŃ I CHORÓB ZAKAŹNYCH U LUDZI,1b,2009,2009
,,4751,10229,2.15,4.44,,1,0,9344.0,187.74,9082.16,180.21,ROZLICZENIE ZA ZGODĄ PŁATNIKA,1b,2009,2009
,,1433,1631,1.14,0.71,,7,0,7172.08,149.59,0.0,0.0,TELERADIOTERAPIA/ BRACHYTERAPIA I TERAPIA IZOTOPOWA W TRYBIE AMBULATORYJNYM,1b,2009,2009
,,530,540,1.02,0.23,,0,0,1829.88,36.0,1829.88,36.0,WIELOSPECJALISTYCZNA DIAGNOSTYKA W KIERUNKU WSZCZEPIENIA IMPLANTU W CAŁKOWITEJ GŁUCHOCIE,1b,2009,2009
,,163,239,1.47,0.1,,1,1,2492.21,49.12,2480.16,49.0,WSTĘPNA DIAGNOSTYKA POTENCJALNEGO DAWCY ŻYWEGO NERKI LUB WĄTROBY,1b,2009,2009
,,108,127,1.18,0.06,,12,12,5953.66,119.66,5457.07,108.0,"ZAPALENIE PŁUC U CHOREGO W IMMUNOSUPRESJI - DIAGNOSTYKA (HRCT, BRONCHOSKOPIA, BAKTERIOLOGIA, SEROLOGIA, BIOPSJA), LECZENIE BEZ IMMUNOGLOBULINOTERAPII",1b,2009,2009
,,54,54,1.0,0.02,,8,8,29343.75,581.94,29343.75,581.94,ZGORZEL GAZOWA - KOMPLEKSOWE LECZENIE ZACHOWAWCZE I ZABIEGOWE SKOJARZONE Z TERAPIĄ HIPERBARYCZNĄ,1b,2009,2009
